en,fr,it,de,es,ko,kana,jp
———,―――――,-----,-----,—,―――――,―――――,―――――
Pound,Écras’Face,Botta,Klaps,Destructor,막치기,はたく,Écras’Face
Karate Chop,Poing Karaté,Colpokarate,Karateschlag,Golpe Kárate,태권당수,からてチョップ,Poing Karaté
Double Slap,Torgnoles,Doppiasberla,Duplexhieb,Doble Bofetón,연속뺨치기,おうふくビンタ,Torgnoles
Comet Punch,Poing Comète,Cometapugno,Kometenhieb,Puño Cometa,연속펀치,れんぞくパンチ,Poing Comète
Mega Punch,Ultimapoing,Megapugno,Megahieb,Megapuño,메가톤펀치,メガトンパンチ,Ultimapoing
Pay Day,Jackpot,Giornopaga,Zahltag,Día de Pago,고양이돈받기,ネコにこばん,Jackpot
Fire Punch,Poing Feu,Fuocopugno,Feuerschlag,Puño Fuego,불꽃펀치,ほのおのパンチ,Poing Feu
Ice Punch,Poing Glace,Gelopugno,Eishieb,Puño Hielo,냉동펀치,れいとうパンチ,Poing Glace
Thunder Punch,Poing Éclair,Tuonopugno,Donnerschlag,Puño Trueno,번개펀치,かみなりパンチ,Poing Éclair
Scratch,Griffe,Graffio,Kratzer,Arañazo,할퀴기,ひっかく,Griffe
Vise Grip,Force Poigne,Presa,Klammer,Agarre,찝기,はさむ,Force Poigne
Guillotine,Guillotine,Ghigliottina,Guillotine,Guillotina,가위자르기,ハサミギロチン,Guillotine
Razor Wind,Coupe-Vent,Ventagliente,Klingensturm,Viento Cortante,칼바람,かまいたち,Coupe-Vent
Swords Dance,Danse Lames,Danzaspada,Schwerttanz,Danza Espada,칼춤,つるぎのまい,Danse Lames
Cut,Coupe,Taglio,Zerschneider,Corte,풀베기,いあいぎり,Coupe
Gust,Tornade,Raffica,Windstoß,Tornado,바람일으키기,かぜおこし,Tornade
Wing Attack,Cru-Ailes,Attacco d’Ala,Flügelschlag,Ataque Ala,날개치기,つばさでうつ,Cru-Ailes
Whirlwind,Cyclone,Turbine,Wirbelwind,Remolino,날려버리기,ふきとばし,Cyclone
Fly,Vol,Volo,Fliegen,Vuelo,공중날기,そらをとぶ,Vol
Bind,Étreinte,Legatutto,Klammergriff,Atadura,조이기,しめつける,Étreinte
Slam,Souplesse,Schianto,Slam,Atizar,힘껏치기,たたきつける,Souplesse
Vine Whip,Fouet Lianes,Frustata,Rankenhieb,Látigo Cepa,덩굴채찍,つるのムチ,Fouet Lianes
Stomp,Écrasement,Pestone,Stampfer,Pisotón,짓밟기,ふみつけ,Écrasement
Double Kick,Double Pied,Doppiocalcio,Doppelkick,Doble Patada,두번치기,にどげり,Double Pied
Mega Kick,Ultimawashi,Megacalcio,Megakick,Megapatada,메가톤킥,メガトンキック,Ultimawashi
Jump Kick,Pied Sauté,Calciosalto,Sprungkick,Patada Salto,점프킥,とびげり,Pied Sauté
Rolling Kick,Mawashi Geri,Calciorullo,Fegekick,Patada Giro,돌려차기,まわしげり,Mawashi Geri
Sand Attack,Jet de Sable,Turbosabbia,Sandwirbel,Ataque Arena,모래뿌리기,すなかけ,Jet de Sable
Headbutt,Coup d’Boule,Bottintesta,Kopfnuss,Golpe Cabeza,박치기,ずつき,Coup d’Boule
Horn Attack,Koud’Korne,Incornata,Hornattacke,Cornada,뿔찌르기,つのでつく,Koud’Korne
Fury Attack,Furie,Furia,Furienschlag,Ataque Furia,마구찌르기,みだれづき,Furie
Horn Drill,Empal’Korne,Perforcorno,Hornbohrer,Perforador,뿔드릴,つのドリル,Empal’Korne
Tackle,Charge,Azione,Tackle,Placaje,몸통박치기,たいあたり,Charge
Body Slam,Plaquage,Corposcontro,Bodyslam,Golpe Cuerpo,누르기,のしかかり,Plaquage
Wrap,Ligotage,Avvolgibotta,Wickel,Constricción,김밥말이,まきつく,Ligotage
Take Down,Bélier,Riduttore,Bodycheck,Derribo,돌진,とっしん,Bélier
Thrash,Mania,Colpo,Fuchtler,Golpe,난동부리기,あばれる,Mania
Double-Edge,Damoclès,Sdoppiatore,Risikotackle,Doble Filo,이판사판태클,すてみタックル,Damoclès
Tail Whip,Mimi-Queue,Colpocoda,Rutenschlag,Látigo,꼬리흔들기,しっぽをふる,Mimi-Queue
Poison Sting,Dard-Venin,Velenospina,Giftstachel,Picotazo Veneno,독침,どくばり,Dard-Venin
Twineedle,Double Dard,Doppio Ago,Duonadel,Doble Ataque,더블니들,ダブルニードル,Double Dard
Pin Missile,Dard-Nuée,Missilspillo,Nadelrakete,Pin Misil,바늘미사일,ミサイルばり,Dard-Nuée
Leer,Groz’Yeux,Fulmisguardo,Silberblick,Malicioso,째려보기,にらみつける,Groz’Yeux
Bite,Morsure,Morso,Biss,Mordisco,물기,かみつく,Morsure
Growl,Rugissement,Ruggito,Heuler,Gruñido,울음소리,なきごえ,Rugissement
Roar,Hurlement,Boato,Brüller,Rugido,울부짖기,ほえる,Hurlement
Sing,Berceuse,Canto,Gesang,Canto,노래하기,うたう,Berceuse
Supersonic,Ultrason,Supersuono,Superschall,Supersónico,초음파,ちょうおんぱ,Ultrason
Sonic Boom,Sonic Boom,Sonicboom,Ultraschall,Bomba Sónica,소닉붐,ソニックブーム,Sonic Boom
Disable,Entrave,Inibitore,Aussetzer,Anulación,사슬묶기,かなしばり,Entrave
Acid,Acide,Acido,Säure,Ácido,용해액,ようかいえき,Acide
Ember,Flammèche,Braciere,Glut,Ascuas,불꽃세례,ひのこ,Flammèche
Flamethrower,Lance-Flammes,Lanciafiamme,Flammenwurf,Lanzallamas,화염방사,かえんほうしゃ,Lance-Flammes
Mist,Brume,Nebbia,Weißnebel,Neblina,흰안개,しろいきり,Brume
Water Gun,Pistolet à O,Pistolacqua,Aquaknarre,Pistola Agua,물대포,みずでっぽう,Pistolet à O
Hydro Pump,Hydrocanon,Idropompa,Hydropumpe,Hidrobomba,하이드로펌프,ハイドロポンプ,Hydrocanon
Surf,Surf,Surf,Surfer,Surf,파도타기,なみのり,Surf
Ice Beam,Laser Glace,Geloraggio,Eisstrahl,Rayo Hielo,냉동빔,れいとうビーム,Laser Glace
Blizzard,Blizzard,Bora,Blizzard,Ventisca,눈보라,ふぶき,Blizzard
Psybeam,Rafale Psy,Psicoraggio,Psystrahl,Psicorrayo,환상빔,サイケこうせん,Rafale Psy
Bubble Beam,Bulles d’O,Bollaraggio,Blubbstrahl,Rayo Burbuja,거품광선,バブルこうせん,Bulles d’O
Aurora Beam,Onde Boréale,Raggiaurora,Aurorastrahl,Rayo Aurora,오로라빔,オーロラビーム,Onde Boréale
Hyper Beam,Ultralaser,Iper Raggio,Hyperstrahl,Hiperrayo,파괴광선,はかいこうせん,Ultralaser
Peck,Picpic,Beccata,Pikser,Picotazo,쪼기,つつく,Picpic
Drill Peck,Bec Vrille,Perforbecco,Bohrschnabel,Pico Taladro,회전부리,ドリルくちばし,Bec Vrille
Submission,Sacrifice,Sottomissione,Überroller,Sumisión,지옥의바퀴,じごくぐるま,Sacrifice
Low Kick,Balayage,Colpo Basso,Fußkick,Patada Baja,안다리걸기,けたぐり,Balayage
Counter,Riposte,Contrattacco,Konter,Contraataque,카운터,カウンター,Riposte
Seismic Toss,Frappe Atlas,Movim. Sismico,Geowurf,Sísmico,지구던지기,ちきゅうなげ,Frappe Atlas
Strength,Force,Forza,Stärke,Fuerza,괴력,かいりき,Force
Absorb,Vole-Vie,Assorbimento,Absorber,Absorber,흡수,すいとる,Vole-Vie
Mega Drain,Méga-Sangsue,Megassorbimento,Megasauger,Megaagotar,메가드레인,メガドレイン,Méga-Sangsue
Leech Seed,Vampigraine,Parassiseme,Egelsamen,Drenadoras,씨뿌리기,やどりぎのタネ,Vampigraine
Growth,Croissance,Crescita,Wachstum,Desarrollo,성장,せいちょう,Croissance
Razor Leaf,Tranch’Herbe,Foglielama,Rasierblatt,Hoja Afilada,잎날가르기,はっぱカッター,Tranch’Herbe
Solar Beam,Lance-Soleil,Solarraggio,Solarstrahl,Rayo Solar,솔라빔,ソーラービーム,Lance-Soleil
Poison Powder,Poudre Toxik,Velenpolvere,Giftpuder,Polvo Veneno,독가루,どくのこな,Poudre Toxik
Stun Spore,Para-Spore,Paralizzante,Stachelspore,Paralizador,저리가루,しびれごな,Para-Spore
Sleep Powder,Poudre Dodo,Sonnifero,Schlafpuder,Somnífero,수면가루,ねむりごな,Poudre Dodo
Petal Dance,Danse Fleurs,Petalodanza,Blättertanz,Danza Pétalo,꽃잎댄스,はなびらのまい,Danse Fleurs
String Shot,Sécrétion,Millebave,Fadenschuss,Disparo Demora,실뿜기,いとをはく,Sécrétion
Dragon Rage,Draco-Rage,Ira di Drago,Drachenwut,Furia Dragón,용의분노,りゅうのいかり,Draco-Rage
Fire Spin,Danse Flammes,Turbofuoco,Feuerwirbel,Giro Fuego,회오리불꽃,ほのおのうず,Danse Flammes
Thunder Shock,Éclair,Tuonoshock,Donnerschock,Impactrueno,전기쇼크,でんきショック,Éclair
Thunderbolt,Tonnerre,Fulmine,Donnerblitz,Rayo,10만볼트,１０まんボルト,Tonnerre
Thunder Wave,Cage Éclair,Tuononda,Donnerwelle,Onda Trueno,전기자석파,でんじは,Cage Éclair
Thunder,Fatal-Foudre,Tuono,Donner,Trueno,번개,かみなり,Fatal-Foudre
Rock Throw,Jet-Pierres,Sassata,Steinwurf,Lanzarrocas,돌떨구기,いわおとし,Jet-Pierres
Earthquake,Séisme,Terremoto,Erdbeben,Terremoto,지진,じしん,Séisme
Fissure,Abîme,Abisso,Geofissur,Fisura,땅가르기,じわれ,Abîme
Dig,Tunnel,Fossa,Schaufler,Excavar,구멍파기,あなをほる,Tunnel
Toxic,Toxik,Tossina,Toxin,Tóxico,맹독,どくどく,Toxik
Confusion,Choc Mental,Confusione,Konfusion,Confusión,염동력,ねんりき,Choc Mental
Psychic,Psyko,Psichico,Psychokinese,Psíquico,사이코키네시스,サイコキネシス,Psyko
Hypnosis,Hypnose,Ipnosi,Hypnose,Hipnosis,최면술,さいみんじゅつ,Hypnose
Meditate,Yoga,Meditazione,Meditation,Meditación,요가포즈,ヨガのポーズ,Yoga
Agility,Hâte,Agilità,Agilität,Agilidad,고속이동,こうそくいどう,Hâte
Quick Attack,Vive-Attaque,Attacco Rapido,Ruckzuckhieb,Ataque Rápido,전광석화,でんこうせっか,Vive-Attaque
Rage,Frénésie,Ira,Raserei,Furia,분노,いかり,Frénésie
Teleport,Téléport,Teletrasporto,Teleport,Teletransporte,순간이동,テレポート,Téléport
Night Shade,Ombre Nocturne,Ombra Notturna,Nachtnebel,Tinieblas,나이트헤드,ナイトヘッド,Ombre Nocturne
Mimic,Copie,Mimica,Mimikry,Mimético,흉내내기,ものまね,Copie
Screech,Grincement,Stridio,Kreideschrei,Chirrido,싫은소리,いやなおと,Grincement
Double Team,Reflet,Doppioteam,Doppelteam,Doble Equipo,그림자분신,かげぶんしん,Reflet
Recover,Soin,Ripresa,Genesung,Recuperación,HP회복,じこさいせい,Soin
Harden,Armure,Rafforzatore,Härtner,Fortaleza,단단해지기,かたくなる,Armure
Minimize,Lilliput,Minimizzato,Komprimator,Reducción,작아지기,ちいさくなる,Lilliput
Smokescreen,Brouillard,Muro di Fumo,Rauchwolke,Pantalla de Humo,연막,えんまく,Brouillard
Confuse Ray,Onde Folie,Stordiraggio,Konfusstrahl,Rayo Confuso,이상한빛,あやしいひかり,Onde Folie
Withdraw,Repli,Ritirata,Panzerschutz,Refugio,껍질에숨기,からにこもる,Repli
Defense Curl,Boul’Armure,Ricciolscudo,Einigler,Rizo Defensa,웅크리기,まるくなる,Boul’Armure
Barrier,Bouclier,Barriera,Barriere,Barrera,배리어,バリアー,Bouclier
Light Screen,Mur Lumière,Schermoluce,Lichtschild,Pantalla de Luz,빛의장막,ひかりのかべ,Mur Lumière
Haze,Buée Noire,Nube,Dunkelnebel,Niebla,흑안개,くろいきり,Buée Noire
Reflect,Protection,Riflesso,Reflektor,Reflejo,리플렉터,リフレクター,Protection
Focus Energy,Puissance,Focalenergia,Energiefokus,Foco Energía,기충전,きあいだめ,Puissance
Bide,Patience,Pazienza,Geduld,Venganza,참기,がまん,Patience
Metronome,Métronome,Metronomo,Metronom,Metrónomo,손가락흔들기,ゆびをふる,Métronome
Mirror Move,Mimique,Speculmossa,Spiegeltrick,Espejo,따라하기,オウムがえし,Mimique
Self-Destruct,Destruction,Autodistruzione,Finale,Autodestrucción,자폭,じばく,Destruction
Egg Bomb,Bombe Œuf,Uovobomba,Eierbombe,Bomba Huevo,알폭탄,タマゴばくだん,Bombe Œuf
Lick,Léchouille,Leccata,Schlecker,Lengüetazo,핥기,したでなめる,Léchouille
Smog,Purédpois,Smog,Smog,Polución,스모그,スモッグ,Purédpois
Sludge,Détritus,Fango,Schlammbad,Residuos,오물공격,ヘドロこうげき,Détritus
Bone Club,Massd’Os,Ossoclava,Knochenkeule,Hueso Palo,뼈다귀치기,ホネこんぼう,Massd’Os
Fire Blast,Déflagration,Fuocobomba,Feuersturm,Llamarada,불대문자,だいもんじ,Déflagration
Waterfall,Cascade,Cascata,Kaskade,Cascada,폭포오르기,たきのぼり,Cascade
Clamp,Claquoir,Tenaglia,Schnapper,Tenaza,껍질끼우기,からではさむ,Claquoir
Swift,Météores,Comete,Sternschauer,Rapidez,스피드스타,スピードスター,Météores
Skull Bash,Coud’Krâne,Capocciata,Schädelwumme,Cabezazo,로케트박치기,ロケットずつき,Coud’Krâne
Spike Cannon,Picanon,Sparalance,Dornkanone,Clavo Cañón,가시대포,とげキャノン,Picanon
Constrict,Constriction,Limitazione,Umklammerung,Restricción,휘감기,からみつく,Constriction
Amnesia,Amnésie,Amnesia,Amnesie,Amnesia,망각술,ドわすれ,Amnésie
Kinesis,Télékinésie,Cinèsi,Psykraft,Kinético,숟가락휘기,スプーンまげ,Télékinésie
Soft-Boiled,E-Coque,Covauova,Weichei,Amortiguador,알낳기,タマゴうみ,E-Coque
High Jump Kick,Pied Voltige,Calcinvolo,Turmkick,Pat. Salto Alta,무릎차기,とびひざげり,Pied Voltige
Glare,Regard Médusant,Sguardo Feroce,Schlangenblick,Deslumbrar,뱀눈초리,へびにらみ,Regard Médusant
Dream Eater,Dévorêve,Mangiasogni,Traumfresser,Comesueños,꿈먹기,ゆめくい,Dévorêve
Poison Gas,Gaz Toxik,Velenogas,Giftwolke,Gas Venenoso,독가스,どくガス,Gaz Toxik
Barrage,Pilonnage,Attacco Pioggia,Stakkato,Bombardeo,구슬던지기,たまなげ,Pilonnage
Leech Life,Vampirisme,Sanguisuga,Blutsauger,Chupavidas,흡혈,きゅうけつ,Vampirisme
Lovely Kiss,Grobisou,Demonbacio,Todeskuss,Beso Amoroso,악마의키스,あくまのキッス,Grobisou
Sky Attack,Piqué,Aeroattacco,Himmelsfeger,Ataque Aéreo,불새,ゴッドバード,Piqué
Transform,Morphing,Trasformazione,Wandler,Transformación,변신,へんしん,Morphing
Bubble,Écume,Bolla,Blubber,Burbuja,거품,あわ,Écume
Dizzy Punch,Uppercut,Stordipugno,Irrschlag,Puño Mareo,잼잼펀치,ピヨピヨパンチ,Uppercut
Spore,Spore,Spora,Pilzspore,Espora,버섯포자,キノコのほうし,Spore
Flash,Flash,Flash,Blitz,Destello,플래시,フラッシュ,Flash
Psywave,Vague Psy,Psiconda,Psywelle,Psicoonda,사이코웨이브,サイコウェーブ,Vague Psy
Splash,Trempette,Splash,Platscher,Salpicadura,튀어오르기,はねる,Trempette
Acid Armor,Acidarmure,Scudo Acido,Säurepanzer,Armadura Ácida,녹기,とける,Acidarmure
Crabhammer,Pince-Masse,Martellata,Krabbhammer,Martillazo,찝게햄머,クラブハンマー,Pince-Masse
Explosion,Explosion,Esplosione,Explosion,Explosión,대폭발,だいばくはつ,Explosion
Fury Swipes,Combo-Griffe,Sfuriate,Kratzfurie,Golpes Furia,마구할퀴기,みだれひっかき,Combo-Griffe
Bonemerang,Osmerang,Ossomerang,Knochmerang,Huesomerang,뼈다귀부메랑,ホネブーメラン,Osmerang
Rest,Repos,Riposo,Erholung,Descanso,잠자기,ねむる,Repos
Rock Slide,Éboulement,Frana,Steinhagel,Avalancha,스톤샤워,いわなだれ,Éboulement
Hyper Fang,Croc de Mort,Iperzanna,Hyperzahn,Hipercolmillo,필살앞니,ひっさつまえば,Croc de Mort
Sharpen,Affûtage,Affilatore,Schärfer,Afilar,각지기,かくばる,Affûtage
Conversion,Conversion,Conversione,Umwandlung,Conversión,텍스처,テクスチャー,Conversion
Tri Attack,Triplattaque,Tripletta,Triplette,Triataque,트라이어택,トライアタック,Triplattaque
Super Fang,Croc Fatal,Superzanna,Superzahn,Superdiente,분노의앞니,いかりのまえば,Croc Fatal
Slash,Tranche,Lacerazione,Schlitzer,Cuchillada,베어가르기,きりさく,Tranche
Substitute,Clonage,Sostituto,Delegator,Sustituto,대타출동,みがわり,Clonage
Struggle,Lutte,Scontro,Verzweifler,Forcejeo,발버둥,わるあがき,Lutte
Sketch,Gribouille,Schizzo,Nachahmer,Esquema,스케치,スケッチ,Gribouille
Triple Kick,Triple Pied,Triplocalcio,Dreifachkick,Triple Patada,트리플킥,トリプルキック,Triple Pied
Thief,Larcin,Furto,Raub,Ladrón,도둑질,どろぼう,Larcin
Spider Web,Toile,Ragnatela,Spinnennetz,Telaraña,거미집,クモのす,Toile
Mind Reader,Lire-Esprit,Leggimente,Willensleser,Telépata,마음의눈,こころのめ,Lire-Esprit
Nightmare,Cauchemar,Incubo,Nachtmahr,Pesadilla,악몽,あくむ,Cauchemar
Flame Wheel,Roue de Feu,Ruotafuoco,Flammenrad,Rueda Fuego,화염자동차,かえんぐるま,Roue de Feu
Snore,Ronflement,Russare,Schnarcher,Ronquido,코골기,いびき,Ronflement
Curse,Malédiction,Maledizione,Fluch,Maldición,저주,のろい,Malédiction
Flail,Gigotage,Flagello,Dreschflegel,Azote,바둥바둥,じたばた,Gigotage
Conversion 2,Conversion 2,Conversione2,Umwandlung2,Conversión2,텍스처2,テクスチャー２,Conversion 2
Aeroblast,Aéroblast,Aerocolpo,Luftstoß,Aerochorro,에어로블라스트,エアロブラスト,Aéroblast
Cotton Spore,Spore Coton,Cottonspora,Baumwollsaat,Esporagodón,목화포자,わたほうし,Spore Coton
Reversal,Contre,Contropiede,Gegenschlag,Inversión,기사회생,きしかいせい,Contre
Spite,Dépit,Dispetto,Groll,Rencor,원한,うらみ,Dépit
Powder Snow,Poudreuse,Polneve,Pulverschnee,Nieve Polvo,눈싸라기,こなゆき,Poudreuse
Protect,Abri,Protezione,Schutzschild,Protección,방어,まもる,Abri
Mach Punch,Mach Punch,Pugnorapido,Tempohieb,Ultrapuño,마하펀치,マッハパンチ,Mach Punch
Scary Face,Grimace,Visotruce,Grimasse,Cara Susto,겁나는얼굴,こわいかお,Grimace
Feint Attack,Feinte,Finta,Finte,Finta,속여때리기,だましうち,Feinte
Sweet Kiss,Doux Baiser,Dolcebacio,Bitterkuss,Beso Dulce,천사의키스,てんしのキッス,Doux Baiser
Belly Drum,Cognobidon,Panciamburo,Bauchtrommel,Tambor,배북,はらだいこ,Cognobidon
Sludge Bomb,Bombe Beurk,Fangobomba,Matschbombe,Bomba Lodo,오물폭탄,ヘドロばくだん,Bombe Beurk
Mud-Slap,Coud’Boue,Fangosberla,Lehmschelle,Bofetón Lodo,진흙뿌리기,どろかけ,Coud’Boue
Octazooka,Octazooka,Octazooka,Octazooka,Pulpocañón,대포무노포,オクタンほう,Octazooka
Spikes,Picots,Punte,Stachler,Púas,압정뿌리기,まきびし,Picots
Zap Cannon,Élecanon,Falcecannone,Blitzkanone,Electrocañón,전자포,でんじほう,Élecanon
Foresight,Clairvoyance,Preveggenza,Scharfblick,Profecía,꿰뚫어보기,みやぶる,Clairvoyance
Destiny Bond,Lien du Destin,Destinobbligato,Abgangsbund,Mismo Destino,길동무,みちづれ,Lien du Destin
Perish Song,Requiem,Ultimocanto,Abgesang,Canto Mortal,멸망의노래,ほろびのうた,Requiem
Icy Wind,Vent Glace,Ventogelato,Eissturm,Viento Hielo,얼다바람,こごえるかぜ,Vent Glace
Detect,Détection,Individua,Scanner,Detección,판별,みきり,Détection
Bone Rush,Charge Os,Ossoraffica,Knochenhatz,Ataque Óseo,본러쉬,ボーンラッシュ,Charge Os
Lock-On,Verrouillage,Localizza,Zielschuss,Fijar Blanco,록온,ロックオン,Verrouillage
Outrage,Colère,Oltraggio,Wutanfall,Enfado,역린,げきりん,Colère
Sandstorm,Tempête de Sable,Terrempesta,Sandsturm,Tormenta Arena,모래바람,すなあらし,Tempête de Sable
Giga Drain,Giga-Sangsue,Gigassorbimento,Gigasauger,Gigadrenado,기가드레인,ギガドレイン,Giga-Sangsue
Endure,Ténacité,Resistenza,Ausdauer,Aguante,버티기,こらえる,Ténacité
Charm,Charme,Fascino,Charme,Encanto,애교부리기,あまえる,Charme
Rollout,Roulade,Rotolamento,Walzer,Rodar,구르기,ころがる,Roulade
False Swipe,Faux-Chage,Falsofinale,Trugschlag,Falso Tortazo,칼등치기,みねうち,Faux-Chage
Swagger,Vantardise,Bullo,Angeberei,Contoneo,뽐내기,いばる,Vantardise
Milk Drink,Lait à Boire,Buonlatte,Milchgetränk,Batido,우유마시기,ミルクのみ,Lait à Boire
Spark,Étincelle,Scintilla,Funkensprung,Chispa,스파크,スパーク,Étincelle
Fury Cutter,Taillade,Tagliofuria,Zornklinge,Corte Furia,연속자르기,れんぞくぎり,Taillade
Steel Wing,Ailes d’Acier,Alacciaio,Stahlflügel,Ala de Acero,강철날개,はがねのつばさ,Ailes d’Acier
Mean Look,Regard Noir,Malosguardo,Horrorblick,Mal de Ojo,검은눈빛,くろいまなざし,Regard Noir
Attract,Attraction,Attrazione,Anziehung,Atracción,헤롱헤롱,メロメロ,Attraction
Sleep Talk,Blabla Dodo,Sonnolalia,Schlafrede,Sonámbulo,잠꼬대,ねごと,Blabla Dodo
Heal Bell,Glas de Soin,Rintoccasana,Vitalglocke,Campana Cura,치료방울,いやしのすず,Glas de Soin
Return,Retour,Ritorno,Rückkehr,Retribución,은혜갚기,おんがえし,Retour
Present,Cadeau,Regalino,Geschenk,Presente,프레젠트,プレゼント,Cadeau
Frustration,Frustration,Frustrazione,Frustration,Frustración,화풀이,やつあたり,Frustration
Safeguard,Rune Protect,Salvaguardia,Bodyguard,Velo Sagrado,신비의부적,しんぴのまもり,Rune Protect
Pain Split,Balance,Malcomune,Leidteiler,Divide Dolor,아픔나누기,いたみわけ,Balance
Sacred Fire,Feu Sacré,Magifuoco,Läuterfeuer,Fuego Sagrado,성스러운불꽃,せいなるほのお,Feu Sacré
Magnitude,Ampleur,Magnitudo,Intensität,Magnitud,매그니튜드,マグニチュード,Ampleur
Dynamic Punch,Dynamo-Poing,Dinamipugno,Wuchtschlag,Puño Dinámico,폭발펀치,ばくれつパンチ,Dynamo-Poing
Megahorn,Mégacorne,Megacorno,Vielender,Megacuerno,메가폰,メガホーン,Mégacorne
Dragon Breath,Draco-Souffle,Dragospiro,Feuerodem,Dragoaliento,용의숨결,りゅうのいぶき,Draco-Souffle
Baton Pass,Relais,Staffetta,Stafette,Relevo,바톤터치,バトンタッチ,Relais
Encore,Encore,Ripeti,Zugabe,Otra Vez,앵콜,アンコール,Encore
Pursuit,Poursuite,Inseguimento,Verfolgung,Persecución,따라가때리기,おいうち,Poursuite
Rapid Spin,Tour Rapide,Rapigiro,Turbodreher,Giro Rápido,고속스핀,こうそくスピン,Tour Rapide
Sweet Scent,Doux Rizz,Profumino,Lockduft,Dulce Aroma,달콤한향기,あまいかおり,Doux Rizz
Iron Tail,Queue de Fer,Codacciaio,Eisenschweif,Cola Férrea,아이언테일,アイアンテール,Queue de Fer
Metal Claw,Griffe Acier,Ferrartigli,Metallklaue,Garra Metal,메탈크로우,メタルクロー,Griffe Acier
Vital Throw,Corps Perdu,Vitaltiro,Überwurf,Tiro Vital,받아던지기,あてみなげ,Corps Perdu
Morning Sun,Aurore,Mattindoro,Morgengrauen,Sol Matinal,아침햇살,あさのひざし,Aurore
Synthesis,Synthèse,Sintesi,Synthese,Síntesis,광합성,こうごうせい,Synthèse
Moonlight,Rayon Lune,Lucelunare,Mondschein,Luz Lunar,달의불빛,つきのひかり,Rayon Lune
Hidden Power,Puissance Cachée,Introforza,Kraftreserve,Poder Oculto,잠재파워,めざめるパワー,Puissance Cachée
Cross Chop,Coup Croix,Incrocolpo,Kreuzhieb,Tajo Cruzado,크로스촙,クロスチョップ,Coup Croix
Twister,Ouragan,Tornado,Windhose,Ciclón,회오리,たつまき,Ouragan
Rain Dance,Danse Pluie,Pioggiadanza,Regentanz,Danza Lluvia,비바라기,あまごい,Danse Pluie
Sunny Day,Zénith,Giornodisole,Sonnentag,Día Soleado,쾌청,にほんばれ,Zénith
Crunch,Mâchouille,Sgranocchio,Knirscher,Triturar,깨물어부수기,かみくだく,Mâchouille
Mirror Coat,Voile Miroir,Specchiovelo,Spiegelcape,Manto Espejo,미러코트,ミラーコート,Voile Miroir
Psych Up,Boost,Psicamisù,Psycho-Plus,Más Psique,자기암시,じこあんじ,Boost
Extreme Speed,Vitesse Extrême,Extrarapido,Turbotempo,Veloc. Extrema,신속,しんそく,Vitesse Extrême
Ancient Power,Pouvoir Antique,Forzantica,Antik-Kraft,Poder Pasado,원시의힘,げんしのちから,Pouvoir Antique
Shadow Ball,Ball’Ombre,Palla Ombra,Spukball,Bola Sombra,섀도볼,シャドーボール,Ball’Ombre
Future Sight,Prescience,Divinazione,Seher,Premonición,미래예지,みらいよち,Prescience
Rock Smash,Éclate-Roc,Spaccaroccia,Zertrümmerer,Golpe Roca,바위깨기,いわくだき,Éclate-Roc
Whirlpool,Siphon,Mulinello,Whirlpool,Torbellino,바다회오리,うずしお,Siphon
Beat Up,Baston,Picchiaduro,Prügler,Paliza,집단구타,ふくろだたき,Baston
Fake Out,Bluff,Bruciapelo,Mogelhieb,Sorpresa,속이다,ねこだまし,Bluff
Uproar,Brouhaha,Baraonda,Aufruhr,Alboroto,소란피기,さわぐ,Brouhaha
Stockpile,Stockage,Accumulo,Horter,Reserva,비축하기,たくわえる,Stockage
Spit Up,Relâche,Sfoghenergia,Entfessler,Escupir,토해내기,はきだす,Relâche
Swallow,Avale,Introenergia,Verzehrer,Tragar,꿀꺽,のみこむ,Avale
Heat Wave,Canicule,Ondacalda,Hitzewelle,Onda Ígnea,열풍,ねっぷう,Canicule
Hail,Grêle,Grandine,Hagelsturm,Granizo,싸라기눈,あられ,Grêle
Torment,Tourmente,Attaccalite,Folterknecht,Tormento,트집,いちゃもん,Tourmente
Flatter,Flatterie,Adulazione,Schmeichler,Camelo,부추기기,おだてる,Flatterie
Will-O-Wisp,Feu Follet,Fuocofatuo,Irrlicht,Fuego Fatuo,도깨비불,おにび,Feu Follet
Memento,Souvenir,Memento,Memento-Mori,Legado,추억의선물,おきみやげ,Souvenir
Facade,Façade,Facciata,Fassade,Imagen,객기,からげんき,Façade
Focus Punch,Mitra-Poing,Centripugno,Power-Punch,Puño Certero,힘껏펀치,きあいパンチ,Mitra-Poing
Smelling Salts,Stimulant,Maniereforti,Riechsalz,Estímulo,정신차리기,きつけ,Stimulant
Follow Me,Par Ici,Sonoqui,Spotlight,Señuelo,날따름,このゆびとまれ,Par Ici
Nature Power,Force Nature,Naturforza,Natur-Kraft,Adaptación,자연의힘,しぜんのちから,Force Nature
Charge,Chargeur,Sottocarica,Ladevorgang,Carga,충전,じゅうでん,Chargeur
Taunt,Provoc,Provocazione,Verhöhner,Mofa,도발,ちょうはつ,Provoc
Helping Hand,Coup d’Main,Altruismo,Rechte Hand,Refuerzo,도우미,てだすけ,Coup d’Main
Trick,Tour de Magie,Raggiro,Trickbetrug,Truco,트릭,トリック,Tour de Magie
Role Play,Imitation,Giocodiruolo,Rollenspiel,Imitación,역할,なりきり,Imitation
Wish,Vœu,Desiderio,Wunschtraum,Deseo,희망사항,ねがいごと,Vœu
Assist,Assistance,Assistente,Zuschuss,Ayuda,조수,ねこのて,Assistance
Ingrain,Racines,Radicamento,Verwurzler,Arraigo,뿌리박기,ねをはる,Racines
Superpower,Surpuissance,Troppoforte,Kraftkoloss,Fuerza Bruta,엄청난힘,ばかぢから,Surpuissance
Magic Coat,Reflet Magik,Magivelo,Magiemantel,Capa Mágica,매직코트,マジックコート,Reflet Magik
Recycle,Recyclage,Riciclo,Aufbereitung,Reciclaje,리사이클,リサイクル,Recyclage
Revenge,Vendetta,Vendetta,Vergeltung,Desquite,리벤지,リベンジ,Vendetta
Brick Break,Casse-Brique,Breccia,Durchbruch,Demolición,깨트리다,かわらわり,Casse-Brique
Yawn,Bâillement,Sbadiglio,Gähner,Bostezo,하품,あくび,Bâillement
Knock Off,Sabotage,Privazione,Abschlag,Desarme,탁쳐서떨구기,はたきおとす,Sabotage
Endeavor,Effort,Rimonta,Notsituation,Esfuerzo,죽기살기,がむしゃら,Effort
Eruption,Éruption,Eruzione,Eruption,Estallido,분화,ふんか,Éruption
Skill Swap,Échange,Baratto,Fähigkeitstausch,Intercambio,스킬스웹,スキルスワップ,Échange
Imprison,Possessif,Esclusiva,Begrenzer,Sellar,봉인,ふういん,Possessif
Refresh,Régénération,Rinfrescata,Heilung,Alivio,리프레쉬,リフレッシュ,Régénération
Grudge,Rancune,Rancore,Nachspiel,Rabia,원념,おんねん,Rancune
Snatch,Saisie,Scippo,Übernahme,Robo,가로챔,よこどり,Saisie
Secret Power,Force Cachée,Forzasegreta,Geheimpower,Daño Secreto,비밀의힘,ひみつのちから,Force Cachée
Dive,Plongée,Sub,Taucher,Buceo,다이빙,ダイビング,Plongée
Arm Thrust,Cogne,Sberletese,Armstoß,Empujón,손바닥치기,つっぱり,Cogne
Camouflage,Camouflage,Camuffamento,Tarnung,Camuflaje,보호색,ほごしょく,Camouflage
Tail Glow,Lumi-Queue,Codadiluce,Schweifglanz,Ráfaga,반딧불,ほたるび,Lumi-Queue
Luster Purge,Lumi-Éclat,Abbagliante,Scheinwerfer,Resplandor,라스트버지,ラスターパージ,Lumi-Éclat
Mist Ball,Ball’Brume,Foschisfera,Nebelball,Bola Neblina,미스트볼,ミストボール,Ball’Brume
Feather Dance,Danse Plumes,Danzadipiume,Daunenreigen,Danza Pluma,깃털댄스,フェザーダンス,Danse Plumes
Teeter Dance,Danse Folle,Strampadanza,Taumeltanz,Danza Caos,흔들흔들댄스,フラフラダンス,Danse Folle
Blaze Kick,Pied Brûleur,Calciardente,Feuerfeger,Patada Ígnea,브레이즈킥,ブレイズキック,Pied Brûleur
Mud Sport,Lance-Boue,Fangata,Lehmsuhler,Chapoteo Lodo,흙놀이,どろあそび,Lance-Boue
Ice Ball,Ball’Glace,Palla Gelo,Frostbeule,Bola Hielo,아이스볼,アイスボール,Ball’Glace
Needle Arm,Poing Dard,Pugnospine,Nietenranke,Brazo Pincho,바늘팔,ニードルアーム,Poing Dard
Slack Off,Paresse,Pigro,Tagedieb,Relajo,태만함,なまける,Paresse
Hyper Voice,Mégaphone,Granvoce,Schallwelle,Vozarrón,하이퍼보이스,ハイパーボイス,Mégaphone
Poison Fang,Crochet Venin,Velenodenti,Giftzahn,Colmillo Veneno,독엄니,どくどくのキバ,Crochet Venin
Crush Claw,Éclate Griffe,Tritartigli,Zermalmklaue,Garra Brutal,브레이크크루,ブレイククロー,Éclate Griffe
Blast Burn,Rafale Feu,Incendio,Lohekanonade,Anillo Ígneo,블러스트번,ブラストバーン,Rafale Feu
Hydro Cannon,Hydroblast,Idrocannone,Aquahaubitze,Hidrocañón,하이드로캐논,ハイドロカノン,Hydroblast
Meteor Mash,Poing Météore,Meteorpugno,Sternenhieb,Puño Meteoro,코멧펀치,コメットパンチ,Poing Météore
Astonish,Étonnement,Sgomento,Erstauner,Impresionar,놀래키기,おどろかす,Étonnement
Weather Ball,Ball’Météo,Palla Clima,Meteorologe,Meteorobola,웨더볼,ウェザーボール,Ball’Météo
Aromatherapy,Aromathérapie,Aromaterapia,Aromakur,Aromaterapia,아로마테라피,アロマセラピー,Aromathérapie
Fake Tears,Croco Larme,Falselacrime,Trugträne,Llanto Falso,거짓울음,うそなき,Croco Larme
Air Cutter,Tranch’Air,Aerasoio,Windschnitt,Aire Afilado,에어컷터,エアカッター,Tranch’Air
Overheat,Surchauffe,Vampata,Hitzekoller,Sofoco,오버히트,オーバーヒート,Surchauffe
Odor Sleuth,Flair,Segugio,Schnüffler,Rastreo,냄새구별,かぎわける,Flair
Rock Tomb,Tomberoche,Rocciotomba,Felsgrab,Tumba Rocas,암석봉인,がんせきふうじ,Tomberoche
Silver Wind,Vent Argenté,Ventargenteo,Silberhauch,Viento Plata,은빛바람,ぎんいろのかぜ,Vent Argenté
Metal Sound,Strido-Son,Ferrostrido,Metallsound,Eco Metálico,금속음,きんぞくおん,Strido-Son
Grass Whistle,Siffl’Herbe,Meloderba,Grasflöte,Silbato,풀피리,くさぶえ,Siffl’Herbe
Tickle,Chatouille,Solletico,Spaßkanone,Cosquillas,간지르기,くすぐる,Chatouille
Cosmic Power,Force Cosmique,Cosmoforza,Kosmik-Kraft,Masa Cósmica,코스믹파워,コスモパワー,Force Cosmique
Water Spout,Giclédo,Zampillo,Fontränen,Salpicar,해수스파우팅,しおふき,Giclédo
Signal Beam,Rayon Signal,Segnoraggio,Ampelleuchte,Doble Rayo,시그널빔,シグナルビーム,Rayon Signal
Shadow Punch,Poing Ombre,Pugnodombra,Finsterfaust,Puño Sombra,섀도펀치,シャドーパンチ,Poing Ombre
Extrasensory,Extrasenseur,Extrasenso,Sondersensor,Paranormal,신통력,じんつうりき,Extrasenseur
Sky Uppercut,Stratopercut,Stramontante,Himmelhieb,Gancho Alto,스카이업퍼,スカイアッパー,Stratopercut
Sand Tomb,Tourbi-Sable,Sabbiotomba,Sandgrab,Bucle Arena,모래지옥,すなじごく,Tourbi-Sable
Sheer Cold,Glaciation,Purogelo,Eiseskälte,Frío Polar,절대영도,ぜったいれいど,Glaciation
Muddy Water,Ocroupi,Fanghiglia,Lehmbrühe,Agua Lodosa,탁류,だくりゅう,Ocroupi
Bullet Seed,Balle Graine,Semitraglia,Kugelsaat,Semilladora,기관총,タネマシンガン,Balle Graine
Aerial Ace,Aéropique,Aeroassalto,Aero-Ass,Golpe Aéreo,제비반환,つばめがえし,Aéropique
Icicle Spear,Stalactite,Gelolancia,Eisspeer,Carámbano,고드름침,つららばり,Stalactite
Iron Defense,Mur de Fer,Ferroscudo,Eisenabwehr,Defensa Férrea,철벽,てっぺき,Mur de Fer
Block,Barrage,Blocco,Rückentzug,Bloqueo,블록,とおせんぼう,Barrage
Howl,Grondement,Gridodilotta,Jauler,Aullido,멀리짖음,とおぼえ,Grondement
Dragon Claw,Draco-Griffe,Dragartigli,Drachenklaue,Garra Dragón,드래곤크루,ドラゴンクロー,Draco-Griffe
Frenzy Plant,Végé-Attaque,Radicalbero,Flora-Statue,Planta Feroz,하드플랜트,ハードプラント,Végé-Attaque
Bulk Up,Gonflette,Granfisico,Protzer,Corpulencia,벌크업,ビルドアップ,Gonflette
Bounce,Rebond,Rimbalzo,Sprungfeder,Bote,뛰어오르다,とびはねる,Rebond
Mud Shot,Tir de Boue,Colpodifango,Lehmschuss,Disparo Lodo,머드숏,マッドショット,Tir de Boue
Poison Tail,Queue-Poison,Velenocoda,Giftschweif,Cola Veneno,포이즌테일,ポイズンテール,Queue-Poison
Covet,Implore,Supplica,Bezirzer,Antojo,탐내다,ほしがる,Implore
Volt Tackle,Électacle,Locomovolt,Volttackle,Placaje Eléc,볼트태클,ボルテッカー,Électacle
Magical Leaf,Feuille Magik,Fogliamagica,Zauberblatt,Hoja Mágica,메지컬리프,マジカルリーフ,Feuille Magik
Water Sport,Tourniquet,Docciascudo,Nassmacher,Hidrochorro,물놀이,みずあそび,Tourniquet
Calm Mind,Plénitude,Calmamente,Gedankengut,Paz Mental,명상,めいそう,Plénitude
Leaf Blade,Lame Feuille,Fendifoglia,Laubklinge,Hoja Aguda,리프블레이드,リーフブレード,Lame Feuille
Dragon Dance,Danse Draco,Dragodanza,Drachentanz,Danza Dragón,용의춤,りゅうのまい,Danse Draco
Rock Blast,Boule Roc,Cadutamassi,Felswurf,Pedrada,락블레스트,ロックブラスト,Boule Roc
Shock Wave,Onde de Choc,Ondashock,Schockwelle,Onda Voltio,전격파,でんげきは,Onde de Choc
Water Pulse,Vibraqua,Idropulsar,Aquawelle,Hidropulso,물의파동,みずのはどう,Vibraqua
Doom Desire,Vœu Destructeur,Obbliderio,Kismetwunsch,Deseo Oculto,파멸의소원,はめつのねがい,Vœu Destructeur
Psycho Boost,Psycho-Boost,Psicoslancio,Psyschub,Psicoataque,사이코부스트,サイコブースト,Psycho-Boost
Roost,Atterrissage,Trespolo,Ruheort,Respiro,날개쉬기,はねやすめ,Atterrissage
Gravity,Gravité,Gravità,Erdanziehung,Gravedad,중력,じゅうりょく,Gravité
Miracle Eye,Œil Miracle,Miracolvista,Wunderauge,Gran Ojo,미라클아이,ミラクルアイ,Œil Miracle
Wake-Up Slap,Réveil Forcé,Svegliopacca,Weckruf,Espabila,잠깨움뺨치기,めざましビンタ,Réveil Forcé
Hammer Arm,Marto-Poing,Martelpugno,Hammerarm,Machada,암해머,アームハンマー,Marto-Poing
Gyro Ball,Gyroballe,Vortexpalla,Gyroball,Giro Bola,자이로볼,ジャイロボール,Gyroballe
Healing Wish,Vœu Soin,Curardore,Heilopfer,Deseo Cura,치유소원,いやしのねがい,Vœu Soin
Brine,Saumure,Acquadisale,Lake,Salmuera,소금물,しおみず,Saumure
Natural Gift,Don Naturel,Dononaturale,Beerenkräfte,Don Natural,자연의은혜,しぜんのめぐみ,Don Naturel
Feint,Ruse,Fintoattacco,Offenlegung,Amago,페인트,フェイント,Ruse
Pluck,Picore,Spennata,Pflücker,Picoteo,쪼아대기,ついばむ,Picore
Tailwind,Vent Arrière,Ventoincoda,Rückenwind,Viento Afín,순풍,おいかぜ,Vent Arrière
Acupressure,Acupression,Acupressione,Akupressur,Acupresión,경혈찌르기,つぼをつく,Acupression
Metal Burst,Fulmifer,Metalscoppio,Metallstoß,Represión Metal,메탈버스트,メタルバースト,Fulmifer
U-turn,Demi-Tour,Retromarcia,Kehrtwende,Ida y Vuelta,유턴,とんぼがえり,Demi-Tour
Close Combat,Close Combat,Zuffa,Nahkampf,A Bocajarro,인파이트,インファイト,Close Combat
Payback,Représailles,Rivincita,Gegenstoß,Vendetta,보복,しっぺがえし,Représailles
Assurance,Assurance,Garanzia,Gewissheit,Buena Baza,승부굳히기,ダメおし,Assurance
Embargo,Embargo,Divieto,Itemsperre,Embargo,금제,さしおさえ,Embargo
Fling,Dégommage,Lancio,Schleuder,Lanzamiento,내던지기,なげつける,Dégommage
Psycho Shift,Échange Psy,Psicotransfer,Psybann,Psicocambio,사이코시프트,サイコシフト,Échange Psy
Trump Card,Atout,Asso,Trumpfkarte,As Oculto,마지막수단,きりふだ,Atout
Heal Block,Anti-Soin,Anticura,Heilblockade,Anticura,회복봉인,かいふくふうじ,Anti-Soin
Wring Out,Essorage,Strizzata,Auswringen,Estrujón,쥐어짜기,しぼりとる,Essorage
Power Trick,Astuce Force,Ingannoforza,Krafttrick,Truco Fuerza,파워트릭,パワートリック,Astuce Force
Gastro Acid,Suc Digestif,Gastroacido,Magensäfte,Bilis,위액,いえき,Suc Digestif
Lucky Chant,Air Veinard,Fortuncanto,Beschwörung,Conjuro,주술,おまじない,Air Veinard
Me First,Moi d’Abord,Precedenza,Egotrip,Yo Primero,선취,さきどり,Moi d’Abord
Copycat,Photocopie,Copione,Imitator,Copión,흉내쟁이,まねっこ,Photocopie
Power Swap,Permuforce,Barattoforza,Krafttausch,Cambiafuerza,파워스웹,パワースワップ,Permuforce
Guard Swap,Permugarde,Barattoscudo,Schutztausch,Cambiadefensa,가드스웹,ガードスワップ,Permugarde
Punishment,Punition,Punizione,Strafattacke,Castigo,혼내기,おしおき,Punition
Last Resort,Dernier Recours,Ultimascelta,Zuflucht,Última Baza,뒀다쓰기,とっておき,Dernier Recours
Worry Seed,Soucigraine,Affannoseme,Sorgensamen,Abatidoras,고민씨,なやみのタネ,Soucigraine
Sucker Punch,Coup Bas,Sbigoattacco,Tiefschlag,Golpe Bajo,기습,ふいうち,Coup Bas
Toxic Spikes,Pics Toxik,Fielepunte,Giftspitzen,Púas Tóxicas,독압정,どくびし,Pics Toxik
Heart Swap,Permucœur,Cuorbaratto,Statustausch,Cambia Almas,하트스웹,ハートスワップ,Permucœur
Aqua Ring,Anneau Hydro,Acquanello,Wasserring,Acua Aro,아쿠아링,アクアリング,Anneau Hydro
Magnet Rise,Vol Magnétik,Magnetascesa,Magnetflug,Levitón,전자부유,でんじふゆう,Vol Magnétik
Flare Blitz,Boutefeu,Fuococarica,Flammenblitz,Envite Ígneo,플레어드라이브,フレアドライブ,Boutefeu
Force Palm,Forte-Paume,Palmoforza,Kraftwelle,Palmeo,발경,はっけい,Forte-Paume
Aura Sphere,Aurasphère,Forzasfera,Aurasphäre,Esfera Aural,파동탄,はどうだん,Aurasphère
Rock Polish,Poliroche,Lucidatura,Steinpolitur,Pulimento,록커트,ロックカット,Poliroche
Poison Jab,Direct Toxik,Velenpuntura,Gifthieb,Puya Nociva,독찌르기,どくづき,Direct Toxik
Dark Pulse,Vibrobscur,Neropulsar,Finsteraura,Pulso Umbrío,악의파동,あくのはどう,Vibrobscur
Night Slash,Tranche-Nuit,Nottesferza,Nachthieb,Tajo Umbrío,깜짝베기,つじぎり,Tranche-Nuit
Aqua Tail,Hydro-Queue,Idrondata,Nassschweif,Acua Cola,아쿠아테일,アクアテール,Hydro-Queue
Seed Bomb,Canon Graine,Semebomba,Samenbomben,Bomba Germen,씨폭탄,タネばくだん,Canon Graine
Air Slash,Lame d’Air,Eterelama,Luftschnitt,Tajo Aéreo,에어슬래시,エアスラッシュ,Lame d’Air
X-Scissor,Plaie Croix,Forbice X,Kreuzschere,Tijera X,시저크로스,シザークロス,Plaie Croix
Bug Buzz,Bourdon,Ronzio,Käfergebrumm,Zumbido,벌레의야단법석,むしのさざめき,Bourdon
Dragon Pulse,Draco-Choc,Dragopulsar,Drachenpuls,Pulso Dragón,용의파동,りゅうのはどう,Draco-Choc
Dragon Rush,Draco-Charge,Dragofuria,Drachenstoß,Carga Dragón,드래곤다이브,ドラゴンダイブ,Draco-Charge
Power Gem,Rayon Gemme,Gemmoforza,Juwelenkraft,Joya de Luz,파워젬,パワージェム,Rayon Gemme
Drain Punch,Vampi-Poing,Assorbipugno,Ableithieb,Puño Drenaje,드레인펀치,ドレインパンチ,Vampi-Poing
Vacuum Wave,Onde Vide,Vuotonda,Vakuumwelle,Onda Vacío,진공파,しんくうは,Onde Vide
Focus Blast,Exploforce,Focalcolpo,Fokusstoß,Onda Certera,기합구슬,きあいだま,Exploforce
Energy Ball,Éco-Sphère,Energipalla,Energieball,Energibola,에너지볼,エナジーボール,Éco-Sphère
Brave Bird,Rapace,Baldeali,Sturzflug,Pájaro Osado,브레이브버드,ブレイブバード,Rapace
Earth Power,Telluriforce,Geoforza,Erdkräfte,Tierra Viva,대지의힘,だいちのちから,Telluriforce
Switcheroo,Passe-Passe,Rapidscambio,Wechseldich,Trapicheo,바꿔치기,すりかえ,Passe-Passe
Giga Impact,Giga Impact,Gigaimpatto,Gigastoß,Gigaimpacto,기가임팩트,ギガインパクト,Giga Impact
Nasty Plot,Machination,Congiura,Ränkeschmied,Maquinación,나쁜음모,わるだくみ,Machination
Bullet Punch,Pisto-Poing,Pugnoscarica,Patronenhieb,Puño Bala,불릿펀치,バレットパンチ,Pisto-Poing
Avalanche,Avalanche,Slavina,Lawine,Alud,눈사태,ゆきなだれ,Avalanche
Ice Shard,Éclats Glace,Geloscheggia,Eissplitter,Canto Helado,얼음뭉치,こおりのつぶて,Éclats Glace
Shadow Claw,Griffe Ombre,Ombrartigli,Dunkelklaue,Garra Umbría,섀도크루,シャドークロー,Griffe Ombre
Thunder Fang,Crocs Éclair,Fulmindenti,Donnerzahn,Colmillo Rayo,번개엄니,かみなりのキバ,Crocs Éclair
Ice Fang,Crocs Givre,Gelodenti,Eiszahn,Colmillo Hielo,얼음엄니,こおりのキバ,Crocs Givre
Fire Fang,Crocs Feu,Rogodenti,Feuerzahn,Colmillo Ígneo,불꽃엄니,ほのおのキバ,Crocs Feu
Shadow Sneak,Ombre Portée,Furtivombra,Schattenstoß,Sombra Vil,야습,かげうち,Ombre Portée
Mud Bomb,Boue-Bombe,Pantanobomba,Schlammbombe,Bomba Fango,진흙폭탄,どろばくだん,Boue-Bombe
Psycho Cut,Coupe Psycho,Psicotaglio,Psychoklinge,Psicocorte,사이코커터,サイコカッター,Coupe Psycho
Zen Headbutt,Psykoud’Boul,Cozzata Zen,Zen-Kopfstoß,Cabezazo Zen,사념의박치기,しねんのずつき,Psykoud’Boul
Mirror Shot,Miroi-Tir,Cristalcolpo,Spiegelsalve,Disparo Espejo,미러숏,ミラーショット,Miroi-Tir
Flash Cannon,Luminocanon,Cannonflash,Lichtkanone,Foco Resplandor,러스터캐논,ラスターカノン,Luminocanon
Rock Climb,Escalade,Scalaroccia,Kraxler,Treparrocas,락클라임,ロッククライム,Escalade
Defog,Anti-Brume,Scacciabruma,Auflockern,Despejar,안개제거,きりばらい,Anti-Brume
Trick Room,Distorsion,Distortozona,Bizarroraum,Espacio Raro,트릭룸,トリックルーム,Distorsion
Draco Meteor,Draco-Météore,Dragobolide,Draco Meteor,Cometa Draco,용성군,りゅうせいぐん,Draco-Météore
Discharge,Coup d’Jus,Scarica,Ladungsstoß,Chispazo,방전,ほうでん,Coup d’Jus
Lava Plume,Ébullilave,Lavasbuffo,Flammensturm,Humareda,분연,ふんえん,Ébullilave
Leaf Storm,Tempête Verte,Verdebufera,Blättersturm,Lluevehojas,리프스톰,リーフストーム,Tempête Verte
Power Whip,Mégafouet,Vigorcolpo,Blattgeißel,Latigazo,파워휩,パワーウィップ,Mégafouet
Rock Wrecker,Roc-Boulet,Devastomasso,Felswerfer,Romperrocas,암석포,がんせきほう,Roc-Boulet
Cross Poison,Poison Croix,Velenocroce,Giftstreich,Veneno X,크로스포이즌,クロスポイズン,Poison Croix
Gunk Shot,Détricanon,Sporcolancio,Mülltreffer,Lanzamugre,더스트슈트,ダストシュート,Détricanon
Iron Head,Tête de Fer,Metaltestata,Eisenschädel,Cabeza de Hierro,아이언헤드,アイアンヘッド,Tête de Fer
Magnet Bomb,Bombe Aimant,Bombagnete,Magnetbombe,Bomba Imán,마그넷봄,マグネットボム,Bombe Aimant
Stone Edge,Lame de Roc,Pietrataglio,Steinkante,Roca Afilada,스톤에지,ストーンエッジ,Lame de Roc
Captivate,Séduction,Incanto,Liebreiz,Seducción,유혹,ゆうわく,Séduction
Stealth Rock,Piège de Roc,Levitoroccia,Tarnsteine,Trampa Rocas,스텔스록,ステルスロック,Piège de Roc
Grass Knot,Nœud Herbe,Laccioerboso,Strauchler,Hierba Lazo,풀묶기,くさむすび,Nœud Herbe
Chatter,Babil,Schiamazzo,Geschwätz,Cháchara,수다,おしゃべり,Babil
Judgment,Jugement,Giudizio,Urteilskraft,Sentencia,심판의뭉치,さばきのつぶて,Jugement
Bug Bite,Piqûre,Coleomorso,Käferbiss,Picadura,벌레먹음,むしくい,Piqûre
Charge Beam,Rayon Chargé,Raggioscossa,Ladestrahl,Rayo Carga,차지빔,チャージビーム,Rayon Chargé
Wood Hammer,Martobois,Mazzuolegno,Holzhammer,Mazazo,우드해머,ウッドハンマー,Martobois
Aqua Jet,Aqua-Jet,Acquagetto,Wasserdüse,Acua Jet,아쿠아제트,アクアジェット,Aqua-Jet
Attack Order,Appel Attaque,Comandourto,Schlagbefehl,Al Ataque,공격지령,こうげきしれい,Appel Attaque
Defend Order,Appel Défense,Comandoscudo,Blockbefehl,A Defender,방어지령,ぼうぎょしれい,Appel Défense
Heal Order,Appel Soins,Comandocura,Heilbefehl,Auxilio,회복지령,かいふくしれい,Appel Soins
Head Smash,Fracass’Tête,Zuccata,Kopfstoß,Testarazo,양날박치기,もろはのずつき,Fracass’Tête
Double Hit,Coup Double,Doppiosmash,Doppelschlag,Doble Golpe,더블어택,ダブルアタック,Coup Double
Roar of Time,Hurle-Temps,Fragortempo,Zeitenlärm,Distorsión,시간의포효,ときのほうこう,Hurle-Temps
Spacial Rend,Spatio-Rift,Fendispazio,Raumschlag,Corte Vacío,공간절단,あくうせつだん,Spatio-Rift
Lunar Dance,Danse Lune,Lunardanza,Lunartanz,Danza Lunar,초승달춤,みかづきのまい,Danse Lune
Crush Grip,Presse,Sbriciolmano,Quetschgriff,Agarrón,묵사발,にぎりつぶす,Presse
Magma Storm,Vortex Magma,Magmaclisma,Lavasturm,Lluvia Ígnea,마그마스톰,マグマストーム,Vortex Magma
Dark Void,Trou Noir,Vuototetro,Schlummerort,Brecha Negra,다크홀,ダークホール,Trou Noir
Seed Flare,Fulmigraine,Infuriaseme,Schocksamen,Fogonazo,시드플레어,シードフレア,Fulmigraine
Ominous Wind,Vent Mauvais,Funestovento,Unheilböen,Viento Aciago,괴상한바람,あやしいかぜ,Vent Mauvais
Shadow Force,Revenant,Oscurotuffo,Schemenkraft,Golpe Umbrío,섀도다이브,シャドーダイブ,Revenant
Hone Claws,Aiguisage,Unghiaguzze,Klauenwetzer,Afilagarras,손톱갈기,つめとぎ,Aiguisage
Wide Guard,Garde Large,Bodyguard,Rundumschutz,Vastaguardia,와이드가드,ワイドガード,Garde Large
Guard Split,Partage Garde,Paridifesa,Schutzteiler,Isoguardia,가드셰어,ガードシェア,Partage Garde
Power Split,Partage Force,Pariattacco,Kraftteiler,Isofuerza,파워셰어,パワーシェア,Partage Force
Wonder Room,Zone Étrange,Mirabilzona,Wunderraum,Zona Extraña,원더룸,ワンダールーム,Zone Étrange
Psyshock,Choc Psy,Psicoshock,Psychoschock,Psicocarga,사이코쇼크,サイコショック,Choc Psy
Venoshock,Choc Venin,Velenoshock,Giftschock,Carga Tóxica,베놈쇼크,ベノムショック,Choc Venin
Autotomize,Allègement,Sganciapesi,Autotomie,Aligerar,바디퍼지,ボディパージ,Allègement
Rage Powder,Poudre Fureur,Polverabbia,Wutpulver,Polvo Ira,분노가루,いかりのこな,Poudre Fureur
Telekinesis,Lévikinésie,Telecinesi,Telekinese,Telequinesis,텔레키네시스,テレキネシス,Lévikinésie
Magic Room,Zone Magique,Magicozona,Magieraum,Zona Mágica,매직룸,マジックルーム,Zone Magique
Smack Down,Anti-Air,Abbattimento,Katapult,Antiaéreo,떨어뜨리기,うちおとす,Anti-Air
Storm Throw,Yama Arashi,Tempestretta,Bergsturm,Llave Corsé,업어후리기,やまあらし,Yama Arashi
Flame Burst,Rebondifeu,Pirolancio,Funkenflug,Pirotecnia,불꽃튀기기,はじけるほのお,Rebondifeu
Sludge Wave,Cradovague,Fangonda,Schlammwoge,Onda Tóxica,오물웨이브,ヘドロウェーブ,Cradovague
Quiver Dance,Papillodanse,Eledanza,Falterreigen,Danza Aleteo,나비춤,ちょうのまい,Papillodanse
Heavy Slam,Tacle Lourd,Pesobomba,Rammboss,Cuerpo Pesado,헤비봄버,ヘビーボンバー,Tacle Lourd
Synchronoise,Synchropeine,Sincrumore,Synchrolärm,Sincrorruido,싱크로노이즈,シンクロノイズ,Synchropeine
Electro Ball,Boule Élek,Energisfera,Elektroball,Bola Voltio,일렉트릭볼,エレキボール,Boule Élek
Soak,Détrempage,Inondazione,Überflutung,Anegar,물붓기,みずびたし,Détrempage
Flame Charge,Nitrocharge,Nitrocarica,Nitroladung,Nitrocarga,니트로차지,ニトロチャージ,Nitrocharge
Coil,Enroulement,Arrotola,Einrollen,Enrosque,똬리틀기,とぐろをまく,Enroulement
Low Sweep,Balayette,Calciobasso,Fußtritt,Puntapié,로킥,ローキック,Balayette
Acid Spray,Bombe Acide,Acidobomba,Säurespeier,Bomba Ácida,애시드봄,アシッドボム,Bombe Acide
Foul Play,Tricherie,Ripicca,Schmarotzer,Juego Sucio,속임수,イカサマ,Tricherie
Simple Beam,Rayon Simple,Ondisinvolta,Wankelstrahl,Onda Simple,심플빔,シンプルビーム,Rayon Simple
Entrainment,Ten-Danse,Saltamicizia,Zwango,Danza Amiga,동료만들기,なかまづくり,Ten-Danse
After You,Après Vous,Cortesia,Galanterie,Cede Paso,당신먼저,おさきにどうぞ,Après Vous
Round,Chant Canon,Coro,Kanon,Canon,돌림노래,りんしょう,Chant Canon
Echoed Voice,Écho,Echeggiavoce,Widerhall,Eco Voz,에코보이스,エコーボイス,Écho
Chip Away,Attrition,Insidia,Zermürben,Guardia Baja,야금야금,なしくずし,Attrition
Clear Smog,Bain de Smog,Pulifumo,Klärsmog,Niebla Clara,클리어스모그,クリアスモッグ,Bain de Smog
Stored Power,Force Ajoutée,Veicolaforza,Kraftvorrat,Poder Reserva,어시스트파워,アシストパワー,Force Ajoutée
Quick Guard,Prévention,Anticipo,Rapidschutz,Anticipo,퍼스트가드,ファストガード,Prévention
Ally Switch,Interversion,Cambiaposto,Seitentausch,Cambio de Banda,사이드체인지,サイドチェンジ,Interversion
Scald,Ébullition,Idrovampata,Siedewasser,Escaldar,열탕,ねっとう,Ébullition
Shell Smash,Exuviation,Gettaguscio,Hausbruch,Rompecoraza,껍질깨기,からをやぶる,Exuviation
Heal Pulse,Vibra Soin,Ondasana,Heilwoge,Pulso Cura,치유파동,いやしのはどう,Vibra Soin
Hex,Châtiment,Sciagura,Bürde,Infortunio,병상첨병,たたりめ,Châtiment
Sky Drop,Chute Libre,Cadutalibera,Freier Fall,Caída Libre,프리폴,フリーフォール,Chute Libre
Shift Gear,Change-Vitesse,Cambiomarcia,Gangwechsel,Cambio de Marcha,기어체인지,ギアチェンジ,Chgt Vitesse
Circle Throw,Projection,Ribaltiro,Überkopfwurf,Llave Giro,배대뒤치기,ともえなげ,Projection
Incinerate,Calcination,Bruciatutto,Einäschern,Calcinación,불태우기,やきつくす,Calcination
Quash,À la Queue,Spintone,Verzögerung,Último Lugar,순서미루기,さきおくり,À la Queue
Acrobatics,Acrobatie,Acrobazia,Akrobatik,Acróbata,애크러뱃,アクロバット,Acrobatie
Reflect Type,Copie-Type,Riflettipo,Typenspiegel,Clonatipo,미러타입,ミラータイプ,Copie-Type
Retaliate,Vengeance,Nemesi,Heimzahlung,Represalia,원수갚기,かたきうち,Vengeance
Final Gambit,Tout ou Rien,Azzardo,Wagemut,Sacrificio,목숨걸기,いのちがけ,Tout ou Rien
Bestow,Passe-Cadeau,Cediregalo,Offerte,Ofrenda,기프트패스,ギフトパス,Passe-Cadeau
Inferno,Feu d’Enfer,Marchiatura,Inferno,Infierno,연옥,れんごく,Feu d’Enfer
Water Pledge,Aire d’Eau,Acquapatto,Wassersäulen,Voto Agua,물의맹세,みずのちかい,Aire d’Eau
Fire Pledge,Aire de Feu,Fiammapatto,Feuersäulen,Voto Fuego,불꽃의맹세,ほのおのちかい,Aire de Feu
Grass Pledge,Aire d’Herbe,Erbapatto,Pflanzensäulen,Voto Planta,풀의맹세,くさのちかい,Aire d’Herbe
Volt Switch,Change Éclair,Invertivolt,Voltwechsel,Voltiocambio,볼트체인지,ボルトチェンジ,Change Éclair
Struggle Bug,Survinsecte,Entomoblocco,Käfertrutz,Estoicismo,벌레의저항,むしのていこう,Survinsecte
Bulldoze,Piétisol,Battiterra,Dampfwalze,Terratemblor,땅고르기,じならし,Piétisol
Frost Breath,Souffle Glacé,Alitogelido,Eisesodem,Vaho Gélido,얼음숨결,こおりのいぶき,Souffle Glacé
Dragon Tail,Draco-Queue,Codadrago,Drachenrute,Cola Dragón,드래곤테일,ドラゴンテール,Draco-Queue
Work Up,Rengorgement,Cuordileone,Kraftschub,Avivar,분발,ふるいたてる,Rengorgement
Electroweb,Toile Élek,Elettrotela,Elektronetz,Electrotela,일렉트릭네트,エレキネット,Toile Élek
Wild Charge,Éclair Fou,Sprizzalampo,Stromstoß,Voltio Cruel,와일드볼트,ワイルドボルト,Éclair Fou
Drill Run,Tunnelier,Giravvita,Schlagbohrer,Taladradora,드릴라이너,ドリルライナー,Tunnelier
Dual Chop,Double Baffe,Doppiocolpo,Doppelhieb,Golpe Bis,더블촙,ダブルチョップ,Double Baffe
Heart Stamp,Crève-Cœur,Cuorestampo,Herzstempel,Arrumaco,하트스탬프,ハートスタンプ,Crève-Cœur
Horn Leech,Encornebois,Legnicorno,Holzgeweih,Asta Drenaje,우드호른,ウッドホーン,Encornebois
Sacred Sword,Lame Sainte,Spadasolenne,Sanctoklinge,Espada Santa,성스러운칼,せいなるつるぎ,Lame Sainte
Razor Shell,Coqui-Lame,Conchilama,Kalkklinge,Concha Filo,셸블레이드,シェルブレード,Coqui-Lame
Heat Crash,Tacle Feu,Marchiafuoco,Brandstempel,Golpe Calor,히트스탬프,ヒートスタンプ,Tacle Feu
Leaf Tornado,Phytomixeur,Vorticerba,Grasmixer,Ciclón de Hojas,그래스믹서,グラスミキサー,Phytomixeur
Steamroller,Bulldoboule,Rulloduro,Quetschwalze,Rodillo de Púas,하드롤러,ハードローラー,Bulldoboule
Cotton Guard,Cotogarde,Cotonscudo,Watteschild,Rizo Algodón,코튼가드,コットンガード,Cotogarde
Night Daze,Explonuit,Urtoscuro,Nachtflut,Pulso Noche,나이트버스트,ナイトバースト,Explonuit
Psystrike,Frappe Psy,Psicobotta,Psychostoß,Onda Mental,사이코브레이크,サイコブレイク,Frappe Psy
Tail Slap,Plumo-Queue,Spazzasberla,Kehrschelle,Plumerazo,스위프뺨치기,スイープビンタ,Plumo-Queue
Hurricane,Vent Violent,Tifone,Orkan,Vendaval,폭풍,ぼうふう,Vent Violent
Head Charge,Peignée,Ricciolata,Steinschädel,Ariete,아프로브레이크,アフロブレイク,Peignée
Gear Grind,Lancécrou,Ingracolpo,Klikkdiskus,Rueda Doble,기어소서,ギアソーサー,Lancécrou
Searing Shot,Incendie,Sparafuoco,Flammenball,Bomba Ígnea,화염탄,かえんだん,Incendie
Techno Blast,Techno-Buster,Tecnobotto,Techblaster,Tecno Shock,테크노버스터,テクノバスター,Techno-Buster
Relic Song,Chant Antique,Cantoantico,Urgesang,Canto Arcaico,옛노래,いにしえのうた,Chant Antique
Secret Sword,Lame Ointe,Spadamistica,Mystoschwert,Sable Místico,신비의칼,しんぴのつるぎ,Lame Ointe
Glaciate,Ère Glaciaire,Gelamondo,Eiszeit,Mundo Gélido,얼다세계,こごえるせかい,Ère Glaciaire
Bolt Strike,Charge Foudre,Lucesiluro,Blitzschlag,Ataque Fulgor,뇌격,らいげき,Charge Foudre
Blue Flare,Flamme Bleue,Fuocoblu,Blauflammen,Llama Azul,푸른불꽃,あおいほのお,Flamme Bleue
Fiery Dance,Danse du Feu,Voldifuoco,Feuerreigen,Danza Llama,불꽃춤,ほのおのまい,Danse du Feu
Freeze Shock,Éclair Gelé,Elettrogelo,Frostvolt,Rayo Gélido,프리즈볼트,フリーズボルト,Éclair Gelé
Ice Burn,Feu Glacé,Vampagelida,Frosthauch,Llama Gélida,콜드플레어,コールドフレア,Feu Glacé
Snarl,Aboiement,Urlorabbia,Standpauke,Alarido,바크아웃,バークアウト,Aboiement
Icicle Crash,Chute Glace,Scagliagelo,Eiszapfhagel,Chuzos,고드름떨구기,つららおとし,Chute Glace
V-create,Coup Victoire,Generatore V,V-Generator,V de Fuego,V제너레이트,Ｖジェネレート,Coup Victoire
Fusion Flare,Flamme Croix,Incrofiamma,Kreuzflamme,Llama Fusión,크로스플레임,クロスフレイム,Flamme Croix
Fusion Bolt,Éclair Croix,Incrotuono,Kreuzdonner,Rayo Fusión,크로스썬더,クロスサンダー,Éclair Croix
Flying Press,Flying Press,Schiacciatuffo,Flying Press,Plancha Voladora,플라잉프레스,フライングプレス,Flying Press
Mat Block,Tatamigaeshi,Ribaltappeto,Tatami-Schild,Escudo Tatami,마룻바닥세워막기,たたみがえし,Tatamigaeshi
Belch,Éructation,Rutto,Rülpser,Eructo,트림,ゲップ,Éructation
Rototiller,Fertilisation,Aracampo,Pflüger,Fertilizante,일구기,たがやす,Fertilisation
Sticky Web,Toile Gluante,Rete Vischiosa,Klebenetz,Red Viscosa,끈적끈적네트,ねばねばネット,Toile Gluante
Fell Stinger,Dard Mortel,Pungiglione,Stachelfinale,Aguijón Letal,마지막일침,とどめばり,Dard Mortel
Phantom Force,Hantise,Spettrotuffo,Phantomkraft,Golpe Fantasma,고스트다이브,ゴーストダイブ,Hantise
Trick-or-Treat,Halloween,Halloween,Halloween,Halloween,핼러윈,ハロウィン,Halloween
Noble Roar,Râle Mâle,Urlo,Kampfgebrüll,Rugido de Guerra,부르짖기,おたけび,Râle Mâle
Ion Deluge,Déluge Plasmique,Pioggiaplasma,Plasmaschauer,Cortina Plasma,플라스마샤워,プラズマシャワー,Déluge Plasmique
Parabolic Charge,Parabocharge,Caricaparabola,Parabolladung,Carga Parábola,파라볼라차지,パラボラチャージ,Parabocharge
Forest’s Curse,Maléfice Sylvain,Boscomalocchio,Waldesfluch,Condena Silvana,숲의저주,もりののろい,Maléfice Sylvain
Petal Blizzard,Tempête Florale,Fiortempesta,Blütenwirbel,Tormenta Floral,꽃보라,はなふぶき,Tempête Florale
Freeze-Dry,Lyophilisation,Liofilizzazione,Gefriertrockner,Liofilización,프리즈드라이,フリーズドライ,Lyophilisation
Disarming Voice,Voix Enjôleuse,Incantavoce,Säuselstimme,Voz Cautivadora,차밍보이스,チャームボイス,Voix Enjôleuse
Parting Shot,Dernier Mot,Monito,Abgangstirade,Última Palabra,막말내뱉기,すてゼリフ,Dernier Mot
Topsy-Turvy,Renversement,Sottosopra,Invertigo,Reversión,뒤집어엎기,ひっくりかえす,Renversement
Draining Kiss,Vampibaiser,Assorbibacio,Diebeskuss,Beso Drenaje,드레인키스,ドレインキッス,Vampibaiser
Crafty Shield,Vigilance,Truccodifesa,Trickschutz,Truco Defensa,트릭가드,トリックガード,Vigilance
Flower Shield,Garde Florale,Fiordifesa,Floraschutz,Defensa Floral,플라워가드,フラワーガード,Garde Florale
Grassy Terrain,Champ Herbu,Campo Erboso,Grasfeld,Campo de Hierba,그래스필드,グラスフィールド,Champ Herbu
Misty Terrain,Champ Brumeux,Campo Nebbioso,Nebelfeld,Campo de Niebla,미스트필드,ミストフィールド,Champ Brumeux
Electrify,Électrisation,Elettrocontagio,Elektrifizierung,Electrificación,송전,そうでん,Électrisation
Play Rough,Câlinerie,Carineria,Knuddler,Carantoña,치근거리기,じゃれつく,Câlinerie
Fairy Wind,Vent Féérique,Vento di Fata,Feenbrise,Viento Feérico,요정의바람,ようせいのかぜ,Vent Féérique
Moonblast,Pouvoir Lunaire,Forza Lunare,Mondgewalt,Fuerza Lunar,문포스,ムーンフォース,Pouvoir Lunaire
Boomburst,Bang Sonique,Ondaboato,Überschallknall,Estruendo,폭음파,ばくおんぱ,Bang Sonique
Fairy Lock,Verrou Enchanté,Blocco Fatato,Feenschloss,Cerrojo Feérico,페어리록,フェアリーロック,Verrou Enchanté
King’s Shield,Bouclier Royal,Scudo Reale,Königsschild,Escudo Real,킹실드,キングシールド,Bouclier Royal
Play Nice,Camaraderie,Simpatia,Kameradschaft,Camaradería,친해지기,なかよくする,Camaraderie
Confide,Confidence,Confidenza,Vertrauenssache,Confidencia,비밀이야기,ないしょばなし,Confidence
Diamond Storm,Orage Adamantin,Diamantempesta,Diamantsturm,Torm. Diamantes,다이아스톰,ダイヤストーム,Orage Adamantin
Steam Eruption,Jet de Vapeur,Vaporscoppio,Dampfschwall,Chorro de Vapor,스팀버스트,スチームバースト,Jet de Vapeur
Hyperspace Hole,TrouDimensionnel,Forodimensionale,Dimensionsloch,Paso Dimensional,다른차원홀,いじげんホール,TrouDimensionnel
Water Shuriken,Sheauriken,Acqualame,Wasser-Shuriken,Shuriken de Agua,물수리검,みずしゅりけん,Sheauriken
Mystical Fire,Feu Ensorcelé,Magifiamma,Magieflamme,Llama Embrujada,매지컬플레임,マジカルフレイム,Feu Ensorcelé
Spiky Shield,Pico-Défense,Agodifesa,Schutzstacheln,Barrera Espinosa,니들가드,ニードルガード,Pico-Défense
Aromatic Mist,Brume Capiteuse,Nebularoma,Duftwolke,Niebla Aromática,아로마미스트,アロマミスト,Brume Capiteuse
Eerie Impulse,Ondes Étranges,Elettromistero,Mystowellen,Onda Anómala,괴전파,かいでんぱ,Ondes Étranges
Venom Drench,Piège de Venin,Velenotrappola,Giftfalle,Trampa Venenosa,베놈트랩,ベノムトラップ,Piège de Venin
Powder,Nuée de Poudre,Pulviscoppio,Pulverschleuder,Polvo Explosivo,분진,ふんじん,Nuée de Poudre
Geomancy,Géo-Contrôle,Geocontrollo,Geokontrolle,Geocontrol,지오컨트롤,ジオコントロール,Géo-Contrôle
Magnetic Flux,Magné-Contrôle,Controllo Polare,Magnetregler,Aura Magnética,자기장조작,じばそうさ,Magné-Contrôle
Happy Hour,Étrennes,Cuccagna,Goldene Zeiten,Paga Extra,해피타임,ハッピータイム,Étrennes
Electric Terrain,Champ Électrifié,Campo Elettrico,Elektrofeld,Campo Eléctrico,일렉트릭필드,エレキフィールド,Champ Électrifié
Dazzling Gleam,Éclat Magique,Magibrillio,Zauberschein,Brillo Mágico,매지컬샤인,マジカルシャイン,Éclat Magique
Celebrate,Célébration,Auguri,Ehrentag,Celebración,축하,おいわい,Célébration
Hold Hands,Mains Jointes,Mano nella Mano,Händchenhalten,Manos Juntas,손에손잡기,てをつなぐ,Mains Jointes
Baby-Doll Eyes,Regard Touchant,Occhioni Teneri,Kulleraugen,Ojitos Tiernos,초롱초롱눈동자,つぶらなひとみ,Regard Touchant
Nuzzle,Frotte-Frimousse,Elettrococcola,Wangenrubbler,Moflete Estático,볼부비부비,ほっぺすりすり,Frotte-Frimousse
Hold Back,Retenue,Riguardo,Zurückhaltung,Clemencia,적당히손봐주기,てかげん,Retenue
Infestation,Harcèlement,Assillo,Plage,Acoso,엉겨붙기,まとわりつく,Harcèlement
Power-Up Punch,Poing Boost,Crescipugno,Steigerungshieb,Puño Incremento,그로우펀치,グロウパンチ,Poing Boost
Oblivion Wing,Mort’Ailes,Ali del Fato,Unheilsschwingen,Ala Mortífera,데스윙,デスウイング,Mort’Ailes
Thousand Arrows,Myria-Flèches,Mille Frecce,Tausend Pfeile,Mil Flechas,사우전드애로,サウザンアロー,Myria-Flèches
Thousand Waves,Myria-Vagues,Mille Onde,Tausend Wellen,Mil Temblores,사우전드웨이브,サウザンウェーブ,Myria-Vagues
Land’s Wrath,Force Chtonienne,Forza Tellurica,Bodengewalt,Fuerza Telúrica,그라운드포스,グランドフォース,Force Chtonienne
Light of Ruin,Lumière du Néant,Luce Nefasta,Lux Calamitatis,Luz Aniquiladora,파멸의빛,はめつのひかり,Lumière du Néant
Origin Pulse,Onde Originelle,Primopulsar,Ursprungswoge,Pulso Primigenio,근원의파동,こんげんのはどう,Onde Originelle
Precipice Blades,Lame Pangéenne,Spade Telluriche,Abgrundsklinge,Filo del Abismo,단애의칼,だんがいのつるぎ,Lame Pangéenne
Dragon Ascent,Draco-Ascension,Ascesa del Drago,Zenitstürmer,Ascenso Draco,화룡점정,ガリョウテンセイ,Draco-Ascension
Hyperspace Fury,Furie Dimension,Urtodimensionale,Dimensionswahn,Cerco Dimensión,다른차원러시,いじげんラッシュ,Furie Dimension
Breakneck Blitz,Turbo-Charge Bulldozer,Carica Travolgente,Hyper-Sprintangriff,Carrera Arrolladora,울트라대시어택,ウルトラダッシュアタック,Turbo-Charge Bulldozer
Breakneck Blitz,Turbo-Charge Bulldozer,Carica Travolgente,Hyper-Sprintangriff,Carrera Arrolladora,울트라대시어택,ウルトラダッシュアタック,Turbo-Charge Bulldozer
All-Out Pummeling,Combo Hyper-Furie,Iperscarica Furiosa,Fulminante Faustschläge,Ráfaga Demoledora,전력무쌍격렬권,ぜんりょくむそうげきれつけん,Combo Hyper-Furie
All-Out Pummeling,Combo Hyper-Furie,Iperscarica Furiosa,Fulminante Faustschläge,Ráfaga Demoledora,전력무쌍격렬권,ぜんりょくむそうげきれつけん,Combo Hyper-Furie
Supersonic Skystrike,Piqué Supersonique,Picchiata Devastante,Finaler Steilflug,Picado Supersónico,파이널다이브클래시,ファイナルダイブクラッシュ,Piqué Supersonique
Supersonic Skystrike,Piqué Supersonique,Picchiata Devastante,Finaler Steilflug,Picado Supersónico,파이널다이브클래시,ファイナルダイブクラッシュ,Piqué Supersonique
Acid Downpour,Déluge Causti-Toxique,Acidiluvio Corrosivo,Vernichtender Säureregen,Diluvio Corrosivo,애시드포이즌딜리트,アシッドポイズンデリート,Déluge Causti-Toxique
Acid Downpour,Déluge Causti-Toxique,Acidiluvio Corrosivo,Vernichtender Säureregen,Diluvio Corrosivo,애시드포이즌딜리트,アシッドポイズンデリート,Déluge Causti-Toxique
Tectonic Rage,Éruption Géo-Sismique,Furore della Terra,Seismische Eruption,Barrena Telúrica,라이징랜드오버,ライジングランドオーバー,Éruption Géo-Sismique
Tectonic Rage,Éruption Géo-Sismique,Furore della Terra,Seismische Eruption,Barrena Telúrica,라이징랜드오버,ライジングランドオーバー,Éruption Géo-Sismique
Continental Crush,Apocalypse Gigalithique,Gigamacigno Polverizzante,Apokalyptische Steinpresse,Aplastamiento Gigalítico,월즈엔드폴,ワールズエンドフォール,Apocalypse Gigalithique
Continental Crush,Apocalypse Gigalithique,Gigamacigno Polverizzante,Apokalyptische Steinpresse,Aplastamiento Gigalítico,월즈엔드폴,ワールズエンドフォール,Apocalypse Gigalithique
Savage Spin-Out,Cocon Fatal,Bozzolo Fatale,Wirbelnder Insektenhieb,Guadaña Sedosa,절대포식회전참,ぜったいほしょくかいてんざん,Cocon Fatal
Savage Spin-Out,Cocon Fatal,Bozzolo Fatale,Wirbelnder Insektenhieb,Guadaña Sedosa,절대포식회전참,ぜったいほしょくかいてんざん,Cocon Fatal
Never-Ending Nightmare,Appel des Ombres Éternelles,Abbraccio Spettrale,Ewige Nacht,Presa Espectral,무한암야로의유인,むげんあんやへのいざない,Appel des Ombres Éternelles
Never-Ending Nightmare,Appel des Ombres Éternelles,Abbraccio Spettrale,Ewige Nacht,Presa Espectral,무한암야로의유인,むげんあんやへのいざない,Appel des Ombres Éternelles
Corkscrew Crash,Vrille Maximum,Spirale Perforante,Turbo-Spiralkombo,Hélice Trepanadora,초월나선연격,ちょうぜつらせんれんげき,Vrille Maximum
Corkscrew Crash,Vrille Maximum,Spirale Perforante,Turbo-Spiralkombo,Hélice Trepanadora,초월나선연격,ちょうぜつらせんれんげき,Vrille Maximum
Inferno Overdrive,Pyro-Explosion Cataclysmique,Fiammobomba Detonante,Dynamische Maxiflamme,Hecatombe Pírica,다이내믹풀플레임,ダイナミックフルフレイム,Pyro-Explosion Cataclysmique
Inferno Overdrive,Pyro-Explosion Cataclysmique,Fiammobomba Detonante,Dynamische Maxiflamme,Hecatombe Pírica,다이내믹풀플레임,ダイナミックフルフレイム,Pyro-Explosion Cataclysmique
Hydro Vortex,Super Tourbillon Abyssal,Idrovortice Abissale,Super-Wassertornado,Hidrovórtice Abisal,슈퍼아쿠아토네이도,スーパーアクアトルネード,Super Tourbillon Abyssal
Hydro Vortex,Super Tourbillon Abyssal,Idrovortice Abissale,Super-Wassertornado,Hidrovórtice Abisal,슈퍼아쿠아토네이도,スーパーアクアトルネード,Super Tourbillon Abyssal
Bloom Doom,Pétalexplosion Éblouissante,Floriscoppio Sfolgorante,Brillante Blütenpracht,Megatón Floral,블룸샤인엑스트라,ブルームシャインエクストラ,Pétalexplosion Éblouissante
Bloom Doom,Pétalexplosion Éblouissante,Floriscoppio Sfolgorante,Brillante Blütenpracht,Megatón Floral,블룸샤인엑스트라,ブルームシャインエクストラ,Pétalexplosion Éblouissante
Gigavolt Havoc,Fulguro-Lance Gigavolt,Gigascarica Folgorante,Gigavolt-Funkensalve,Gigavoltio Destructor,스파킹기가볼트,スパーキングギガボルト,Fulguro-Lance Gigavolt
Gigavolt Havoc,Fulguro-Lance Gigavolt,Gigascarica Folgorante,Gigavolt-Funkensalve,Gigavoltio Destructor,스파킹기가볼트,スパーキングギガボルト,Fulguro-Lance Gigavolt
Shattered Psyche,Psycho-Pulvérisation EX,Impatto Psicocinetico,Psycho-Schmetterschlag,Disruptor Psíquico,맥시멈사이브레이커,マキシマムサイブレイカー,Psycho-Pulvérisation EX
Shattered Psyche,Psycho-Pulvérisation EX,Impatto Psicocinetico,Psycho-Schmetterschlag,Disruptor Psíquico,맥시멈사이브레이커,マキシマムサイブレイカー,Psycho-Pulvérisation EX
Subzero Slammer,Laser Cryogénique,Criodistruzione Polare,Tobender Geofrost,Crioaliento Despiadado,레이징지오프리즈,レイジングジオフリーズ,Laser Cryogénique
Subzero Slammer,Laser Cryogénique,Criodistruzione Polare,Tobender Geofrost,Crioaliento Despiadado,레이징지오프리즈,レイジングジオフリーズ,Laser Cryogénique
Devastating Drake,Chaos Draconique,Dragoschianto Finale,Drastisches Drachendröhnen,Dracoaliento Devastador,얼티메이트드래곤번,アルティメットドラゴンバーン,Chaos Draconique
Devastating Drake,Chaos Draconique,Dragoschianto Finale,Drastisches Drachendröhnen,Dracoaliento Devastador,얼티메이트드래곤번,アルティメットドラゴンバーン,Chaos Draconique
Black Hole Eclipse,Trou Noir des Ombres,Buco Nero del Non Ritorno,Schwarzes Loch des Grauens,Agujero Negro Aniquilador,블랙홀이클립스,ブラックホールイクリプス,Trou Noir des Ombres
Black Hole Eclipse,Trou Noir des Ombres,Buco Nero del Non Ritorno,Schwarzes Loch des Grauens,Agujero Negro Aniquilador,블랙홀이클립스,ブラックホールイクリプス,Trou Noir des Ombres
Twinkle Tackle,Impact Choupinova,Astroimpatto Fatato,Entzückender Sternenstoß,Arrumaco Sideral,러블리스타임팩트,ラブリースターインパクト,Impact Choupinova
Twinkle Tackle,Impact Choupinova,Astroimpatto Fatato,Entzückender Sternenstoß,Arrumaco Sideral,러블리스타임팩트,ラブリースターインパクト,Impact Choupinova
Catastropika,Pikachute Foudroyante,Super Pikaboom,Perfektes Pika-Projektil,Pikavoltio Letal,필살피카슛,ひっさつのピカチュート,Pikachute Foudroyante
Shore Up,Amass’Sable,Sabbiaccumulo,Sandsammler,Recogearena,모래모으기,すなあつめ,Amass’Sable
First Impression,Escarmouche,Schermaglia,Überrumpler,Escaramuza,만나자마자,であいがしら,Escarmouche
Baneful Bunker,Blockhaus,Fortino,Bunker,Búnker,토치카,トーチカ,Blockhaus
Spirit Shackle,Tisse Ombre,Cucitura d’Ombra,Schattenfessel,Puntada Sombría,그림자꿰매기,かげぬい,Tisse Ombre
Darkest Lariat,Dark Lariat,Braccioteso,Dark Lariat,Lariat Oscuro,DD래리어트,ＤＤラリアット,Dark Lariat
Sparkling Aria,Aria de l’Écume,Canto Effimero,Schaumserenade,Aria Burbuja,물거품아리아,うたかたのアリア,Aria de l’Écume
Ice Hammer,Marteau de Glace,Martelgelo,Eishammer,Martillo Hielo,아이스해머,アイスハンマー,Marteau de Glace
Floral Healing,Soin Floral,Cura Floreale,Florakur,Cura Floral,플라워힐,フラワーヒール,Soin Floral
High Horsepower,Cavalerie Lourde,Forza Equina,Pferdestärke,Fuerza Equina,10만마력,１０まんばりき,Cavalerie Lourde
Strength Sap,Vole-Force,Assorbiforza,Kraftabsorber,Absorbefuerza,힘흡수,ちからをすいとる,Vole-Force
Solar Blade,Lame Solaire,Lama Solare,Solarklinge,Cuchilla Solar,솔라블레이드,ソーラーブレード,Lame Solaire
Leafage,Feuillage,Fogliame,Blattwerk,Follaje,나뭇잎,このは,Feuillage
Spotlight,Projecteur,Riflettore,Rampenlicht,Foco,스포트라이트,スポットライト,Projecteur
Toxic Thread,Fil Toxique,Velenotela,Giftfaden,Hilo Venenoso,독실,どくのいと,Fil Toxique
Laser Focus,Affilage,Concentrazione,Konzentration,Aguzar,예민해지기,とぎすます,Affilage
Gear Up,Engrenage,Marciainpiù,Hilfsmechanik,Piñón Auxiliar,어시스트기어,アシストギア,Engrenage
Throat Chop,Exécu-Son,Colpo Infernale,Neck Strike,Golpe Mordaza,지옥찌르기,じごくづき,Exécu-Son
Pollen Puff,Boule Pollen,Sferapolline,Pollenknödel,Bola de Polen,꽃가루경단,かふんだんご,Boule Pollen
Anchor Shot,Ancrage,Colpo d’Ancora,Ankerschuss,Anclaje,앵커숏,アンカーショット,Ancrage
Psychic Terrain,Champ Psychique,Campo Psichico,Psychofeld,Campo Psíquico,사이코필드,サイコフィールド,Champ Psychique
Lunge,Furie-Bond,Assalto,Anfallen,Plancha,덤벼들기,とびかかる,Furie-Bond
Fire Lash,Fouet de Feu,Frusta di Fuoco,Feuerpeitsche,Látigo Ígneo,불꽃채찍,ほのおのムチ,Fouet de Feu
Power Trip,Arrogance,Tracotanza,Überheblichkeit,Chulería,기어오르기,つけあがる,Arrogance
Burn Up,Flamme Ultime,Ultima Fiamma,Ausbrennen,Llama Final,불사르기,もえつきる,Flamme Ultime
Speed Swap,Permuvitesse,Velociscambio,Initiativetausch,Cambiavelocidad,스피드스웹,スピードスワップ,Permuvitesse
Smart Strike,Estocorne,Sottilcorno,Schmalhorn,Cuerno Certero,스마트호른,スマートホーン,Estocorne
Purify,Purification,Purificazione,Läuterung,Purificación,정화,じょうか,Purification
Revelation Dance,Danse Éveil,Mutadanza,Wecktanz,Danza Despertar,잠재댄스,めざめるダンス,Danse Éveil
Core Enforcer,Sanction Suprême,Nucleocastigo,Sanktionskern,Núcleo Castigo,코어퍼니셔,コアパニッシャー,Sanction Suprême
Trop Kick,Botte Sucrette,Tropicalcio,Tropenkick,Patada Tropical,트로피컬킥,トロピカルキック,Botte Sucrette
Instruct,Sommation,Imposizione,Kommando,Mandato,지휘,さいはい,Sommation
Beak Blast,Bec-Canon,Cannonbecco,Schnabelkanone,Pico Cañón,부리캐논,くちばしキャノン,Bec-Canon
Clanging Scales,Vibrécaille,Clamorsquame,Schuppenrasseln,Fragor Escamas,스케일노이즈,スケイルノイズ,Vibrécaille
Dragon Hammer,Draco-Marteau,Marteldrago,Drachenhammer,Martillo Dragón,드래곤해머,ドラゴンハンマー,Draco-Marteau
Brutal Swing,Centrifugifle,Vorticolpo,Wirbler,Giro Vil,세차게휘두르기,ぶんまわす,Centrifugifle
Aurora Veil,Voile Aurore,Velaurora,Auroraschleier,Velo Aurora,오로라베일,オーロラベール,Voile Aurore
Sinister Arrow Raid,Fureur des Plumes Spectrales,Dardoassalto Spettrale,Schatten-Pfeilregen,Aluvión de Flechas Sombrías,섀도애로우즈스트라이크,シャドーアローズストライク,Fureur des Plumes Spectrales
Malicious Moonsault,Dark Body Press,Iperschianto delle Tenebre,Hyper Dark Crusher,Hiperplancha Oscura,하이퍼다크크러셔,ハイパーダーククラッシャー,Dark Body Press
Oceanic Operetta,Symphonie des Ondines,Sinfonia del Mare,Grandiose Meeressymphonie,Sinfonía de la Diva Marina,바다의심포니,わだつみのシンフォニア,Symphonie des Ondines
Guardian of Alola,Colère du Gardien d’Alola,Collera del Guardiano,Alolas Wächter,Cólera del Guardián,알로라의수호자,ガーディアン・デ・アローラ,Colère du Gardien d’Alola
Soul-Stealing 7-Star Strike,Fauche-Âme des Sept Étoiles,Colpo Eptastellare Rubanima,Sternbild des Seelenraubes,Constelación Robaalmas,칠성탈혼퇴,しちせいだっこんたい,Fauche-Âme des Sept Étoiles
Stoked Sparksurfer,Électro-Surf Survolté,Elettrosurf Folgorante,Blitz-Wellenritt,Surfeo Galvánico,라이트닝서프라이드,ライトニングサーフライド,Électro-Surf Survolté
Pulverizing Pancake,Gare au Ronflex,Adesso Faccio sul Serio,Schluss mit lustig,Arrojo Intempestivo,진심의공격,ほんきをだす　こうげき,Gare au Ronflex
Extreme Evoboost,Neuf pour Un,Potenziamento Eevolutivo,Macht der Neun,Novena Potencia,나인이볼부스트,ナインエボルブースト,Neuf pour Un
Genesis Supernova,Supernova Originelle,Supernova delle Origini,Supernova des Ursprungs,Supernova Original,오리진즈슈퍼노바,オリジンズスーパーノヴァ,Supernova Originelle
Shell Trap,Carapiège,Gusciotrappola,Panzerfalle,Coraza Trampa,트랩셸,トラップシェル,Carapiège
Fleur Cannon,Canon Floral,Cannonfiore,Kanonenbouquet,Cañón Floral,플뢰르캐논,フルールカノン,Canon Floral
Psychic Fangs,Psycho-Croc,Psicozanna,Psychobeißer,Psicocolmillo,사이코팽,サイコファング,Psycho-Croc
Stomping Tantrum,Trépignement,Battipiedi,Fruststampfer,Pataleta,분함의발구르기,じだんだ,Trépignement
Shadow Bone,Os Ombre,Ossotetro,Schattenknochen,Hueso Sombrío,섀도본,シャドーボーン,Os Ombre
Accelerock,Vif Roc,Rocciarapida,Turbofelsen,Roca Veloz,액셀록,アクセルロック,Vif Roc
Liquidation,Aqua-Brèche,Idrobreccia,Aquadurchstoß,Hidroariete,아쿠아브레이크,アクアブレイク,Aqua-Brèche
Prismatic Laser,Laser Prisme,Prismalaser,Prisma-Laser,Láser Prisma,프리즘레이저,プリズムレーザー,Laser Prisme
Spectral Thief,Clepto-Mânes,Ombrafurto,Diebesschatten,Robasombra,섀도스틸,シャドースチール,Clepto-Mânes
Sunsteel Strike,Choc Météore,Astrocarica,Stahlgestirn,Meteoimpacto,메테오드라이브,メテオドライブ,Choc Météore
Moongeist Beam,Rayon Spectral,Raggio d’Ombra,Schattenstrahl,Rayo Umbrío,섀도레이,シャドーレイ,Rayon Spectral
Tearful Look,Larme à l’Œil,Occhionilucidi,Tränendrüse,Ojos Llorosos,눈물그렁그렁,なみだめ,Larme à l’Œil
Zing Zap,Électrikipik,Elettropizzico,Elektropikser,Electropunzada,찌리리따끔따끔,びりびりちくちく,Électrikipik
Nature’s Madness,Ire de la Nature,Ira della Natura,Naturzorn,Furia Natural,자연의분노,しぜんのいかり,Ire de la Nature
Multi-Attack,Coup Varia-Type,Multiattacco,Multi-Angriff,Multiataque,멀티어택,マルチアタック,Coup Varia-Type
"10,000,000 Volt Thunderbolt",Giga-Tonnerre,Iperfulmine,Tausendfacher Donnerblitz,Gigarrayo Fulminante,1000만볼트,１０００まんボルト,Giga-Tonnerre
Mind Blown,Dynamite,Sbalorditesta,Knallkopf,Cabeza Sorpresa,깜짝헤드,ビックリヘッド,Dynamite
Plasma Fists,Corne Magique,Pugni Plasma,Plasmafäuste,Puños Plasma,플라스마피스트,プラズマフィスト,Corne Magique
Photon Geyser,Crash Titanic de 1milliard de $,Geyser Fotonico,Photonen-Geysir,Géiser Fotónico,포톤가이저,フォトンゲイザー,Crash Titanic de 1milliard de $
Light That Burns the Sky,Caboche-Kaboum,Fotodistruzione Apocalittica,Licht des Erlöschens,Fotodestrucción Apocalíptica,하늘을태우는멸망의빛,てんこがすめつぼうのひかり,Caboche-Kaboum
Searing Sunraze Smash,Sans Blaster,Supercollisione Solare,Schmetternde Sonnenwalze,Embestida Solar,선샤인스매셔,サンシャインスマッシャー,Sans Blaster
Menacing Moonraze Maelstrom,Dissonance,Deflagrazione Lunare,Geballter Mondlaser,Deflagración Lunar,문라이트블래스터,ムーンライトブラスター,Disonance
Let’s Snuggle Forever,Fourbette,Dolcesacco di Botte,Herzliche Knuddelkloppe,Somanta Amistosa,투닥투닥프렌드타임,ぽかぼかフレンドタイム,Fourbette
Splintered Stormshards,Fureur Ciblée,Litotempesta Radiale,Fataler Steinregen,Tempestad Rocosa,레이디얼에지스톰,ラジアルエッジストーム,Fureur Ciblée
Clangorous Soulblaze,Rafale Écailles,Dracofonia Divampante,Rasselnder Seelentanz,Estruendo Implacable,브레이징소울비트,ブレイジングソウルビート,Rafale Écailles
Zippy Zap,Brise-Monde,Sprintaboom,Britzelturbo,Pikaturbo,파찌파찌액셀,ばちばちアクセル,Brise-Monde
Splishy Splash,Overdriiiiiiiive,Surfasplash,Plätschersurfer,Salpikasurf,참방참방서핑,ざぶざぶサーフ,Overdriiiiiiiive
Floaty Fall,Assaut Frontal,Piombaflap,Schwebesturz,Pikapicado,둥실둥실폴,ふわふわフォール,Assaut Frontal
Pika Papow,Métalliroue,Pikasaetta,Pika-Flash,Pikatormenta,피카피카썬더,ピカピカサンダー,Pika-Fracas
Bouncy Bubble,Choc Émotionnel,Bollaslurp,Blubbsauger,Vapodrenaje,생생버블,いきいきバブル,Évo-Thalasso
Buzzy Buzz,Block Tube,Elettrozap,Knisterladung,Joltioparálisis,찌릿찌릿일렉,びりびりエレキ,Évo-Dynamo
Sizzly Slide,Carte Joker,Fiammabam,Flackerbrand,Flarembestida,이글이글번,めらめらバーン,Évo-Flambo
Glitzy Glow,Duc Enflammé,Auraswoosh,Pulsieraura,Espeaura,콸콸오라,どばどばオーラ,Évo-Psycho
Baddy Bad,Tsunami de pics,Zona Buiabuia,Quälzone,Umbreozona,아그아그존,わるわるゾーン,Évo-Ténébro
Sappy Seed,Déluge d'as,Bombafrush,Sprießbomben,Leafitobombas,쑥쑥봄버,すくすくボンバー,Évo-Écolo
Freezy Frost,Jevil Knife,Scricchiagelo,Klirrfrost,Glaceoprisma,꽁꽁프로스트,こちこちフロスト,Évo-Congélo
Sparkly Swirl,Tour de Manège,Sbrilluccibufera,Glitzersturm,Sylveotornado,반짝반짝스톰,きらきらストーム,Évo-Fabulo
Veevee Volley,Abattage,Eeveempatto,Evo-Crash,Eevimpacto,브이브이브레이크,ブイブイブレイク,Évo-Chardasso
Double Iron Bash,Nitro Crash,Pugni Corazzati,Panzerfäuste,Ferropuño Doble,더블펀처,ダブルパンツァー,Écrous d’Poing
Max Guard,Turbo Volt,Dynabarriera,Dyna-Wall,Maxibarrera,다이월,ダイウォール,Gardomax
Psyblade,Lame Psychique,Cannone Dynamax,Dynamax-Kanone,Cañón Dinamax,다이맥스포,ダイマックスほう,Canon Dynamax
Snipe Shot,Vif Eclair,Tiromirato,Präzisionsschuss,Disparo Certero,노려맞히기,ねらいうち,Tir de Précision
Jaw Lock,THE WARUDOO,Morsostretto,Fesselbiss,Presa Maxilar,물고버티기,くらいつく,Croque Fort
Stuff Cheeks,Road Roller,Riempiguance,Backenstopfer,Atiborramiento,볼가득넣기,ほおばる,Garde-à-Joues
No Retreat,Absorption,Spalle al Muro,Finalformation,Bastión Final,배수의진,はいすいのじん,Ultime Bastion
Tar Shot,Rempart Brûlant,Colpocatrame,Teerschuss,Alquitranazo,타르숏,タールショット,Goudronnage
Magic Powder,Cataclysme,Magipolvere,Magiepuder,Polvo Mágico,마법가루,まほうのこな,Poudre Magique
Dragon Darts,Eau Revoir,Dragofrecce,Drachenpfeile,Dracoflechas,드래곤애로,ドラゴンアロー,Draco-Flèches
Teatime,Double Laser,Ora del Tè,Teatime,Hora del Té,다과회,おちゃかい,Thérémonie
Octolock,Toupie Éclat,Tentacolock,Octoklammer,Octopresa,문어굳히기,たこがため,Octoprise
Bolt Beak,Bananarang,Beccoshock,Schockschnabel,Electropico,전격부리,でんげきくちばし,Prise de Bec
Fishious Rend,Hyperceuse,Branchiomorso,Kiemenbiss,Branquibocado,아가미물기,エラがみ,Branchicrok
Court Change,Habanerage,Cambiocampo,Seitenwechsel,Cambio de Cancha,코트체인지,コートチェンジ,Change-Côté
Max Flare,Chicha Party,Dynafiammata,Dyna-Brand,Maxignición,다이번,ダイバーン,Pyromax
Max Flutterby,Tir en Rafale,Dynainsetto,Dyna-Schwarm,Maxinsecto,다이웜,ダイワーム,Insectomax
Max Lightning,Désespoir,Dynasaetta,Dyna-Gewitter,Maxitormenta,다이썬더,ダイサンダー,Fulguromax
Max Strike,Limit Break,Dynattacco,Dyna-Angriff,Maxiataque,다이어택,ダイアタック,Normalomax
Max Knuckle,Sphère Vide,Dynapugno,Dyna-Faust,Maxipuño,다이너클,ダイナックル,Pugilomax
Max Phantasm,Double Volée,Dynavuoto,Dyna-Spuk,Maxiespectro,다이할로우,ダイホロウ,Spectromax
Max Hailstorm,Hydrovapeur,Dynagelo,Dyna-Frost,Maxihelada,다이아이스,ダイアイス,Cryomax
Max Ooze,Gelure,Dynacorrosione,Dyna-Giftschwall,Maxiácido,다이애시드,ダイアシッド,Toxinomax
Max Geyser,Monte-Tension,Dynaflusso,Dyna-Flut,Maxichorro,다이스트림,ダイストリーム,Hydromax
Max Airstream,Big Splash,Dynajet,Dyna-Düse,Maxiciclón,다이제트,ダイジェット,Aéromax
Max Starfall,Griffes Funestes,Dynafata,Dyna-Zauber,Maxiestela,다이페어리,ダイフェアリー,Enchantomax
Max Wyrmwind,Grand Courroux,Dynadragone,Dyna-Wyrm,Maxidraco,다이드라군,ダイドラグーン,Dracomax
Max Mindstorm,Chute de Neige,Dynapsiche,Dyna-Kinese,Maxionda,다이사이코,ダイサイコ,Psychomax
Max Rockfall,Cryo-Pirouette,Dynamacigno,Dyna-Brocken,Maxilito,다이록,ダイロック,Lithomax
Max Quake,Marteau Mastoc,Dynasisma,Dyna-Erdstoß,Maxitemblor,다이어스,ダイアース,Sismomax
Max Darkness,Charge Glaive,Dynatenebre,Dyna-Dunkel,Maxisombra,다이아크,ダイアーク,Sinistromax
Max Overgrowth,Dérapage,Dynaflora,Dyna-Flora,Maxiflora,다이그래스,ダイソウゲン,Phytomax
Max Steelspike,Douche Froide,Dynametallo,Dyna-Stahlzacken,Maximetal,다이스틸,ダイスチル,Métallomax
Clangorous Soul,Lune Rouge,Dracofonia,Seelentanz,Estruendo Escama,소울비트,ソウルビート,Dracacophonie
Body Press,Chaîne Malsaine,Schiacciacorpo,Body Press,Plancha Corporal,바디프레스,ボディプレス,Big Splash
Decorate,Poing de Colère,Decorazione,Verzierung,Decoración,데코레이션,デコレーション,Nappage
Drum Beating,Prolifération,Tamburattacco,Trommelschläge,Batería Asalto,드럼어택,ドラムアタック,Tambour Battant
Snap Trap,Ailes Psycho,Tagliola,Fangeisen,Cepo,집게덫,トラバサミ,Troquenard
Pyro Ball,Bise Glaciaire,Palla Infuocata,Feuerball,Balón Ígneo,화염볼,かえんボール,Ballon Brûlant
Behemoth Blade,Ravage Rampant,Taglio Maestoso,Gigantenhieb,Tajo Supremo,거수참,きょじゅうざん,Gladius Maximus
Behemoth Bash,Cœur de Rancœur,Colpo Maestoso,Gigantenstoß,Embate Supremo,거수탄,きょじゅうだん,Aegis Maxima
Aura Wheel,Piège de Fil (N),Ruota d’Aura,Aura-Rad,Rueda Aural,오라휠,オーラぐるま,Roue Libre
Breaking Swipe,Saut Scuttant,Vastoimpatto,Breitseite,Vasto Impacto,와이드브레이커,ワイドブレイカー,Abattage
Branch Poke,Parasite,Ramostoccata,Zweigstoß,Punzada Rama,가지찌르기,えだづき,Tapotige
Overdrive,Laser Météore,Overdrive,Overdrive,Amplificador,오버드라이브,オーバードライブ,Overdrive
Apple Acid,Étoile Filante,Acido Malico,Apfelsäure,Ácido Málico,사과산,りんごさん,Acide Malique
Grav Apple,Pluie Météore,Forza G,Gravitation,Fuerza G,G의힘,Ｇのちから,Force G
Spirit Break,Poudre Perlimpinpin,Frantumanima,Seelenbruch,Choque Anímico,소울크래시,ソウルクラッシュ,Choc Émotionnel
Strange Steam,Draco-Flèches,Vapore Incantato,Wunderdampf,Cautivapor,원더스팀,ワンダースチーム,Vapeur Féérique
Life Dew,Fontaine de Vie,Goccia Vitale,Lebenstropfen,Gota Vital,생명의물방울,いのちのしずく,Fontaine de Vie
Obstruct,Sauce Du Chef,Sbarramento,Abblocker,Obstrucción,블로킹,ブロッキング,Blocage
False Surrender,Nappage,Supplicolpo,Kniefalltrick,Irreverencia,사죄의찌르기,どげざつき,Fourbette
Meteor Assault,Câlin Chaleureux ,Sfolgorassalto,Sternensturm,Asalto Estelar,스타어설트,スターアサルト,Joute Astrale
Eternabeam,Joyeuse Claque,Raggio Infinito,Unendynastrahlen,Rayo Infinito,무한다이빔,ムゲンダイビーム,Laser Infinimax
Steel Beam,Explo-Brume,Raggio d’Acciaio,Stahlstrahl,Metaláser,철제광선,てっていこうせん,Métalaser
Expanding Force,Vaste Pouvoir,Vastenergia,Flächenmacht,Vasta Fuerza,와이드포스,ワイドフォース,Vaste Pouvoir
Steel Roller,Métalliroue,Ferrorullo,Eisenwalze,Allanador Férreo,아이언롤러,アイアンローラー,Métalliroue
Scale Shot,Rafale Écailles,Squamacolpo,Schuppenschuss,Ráfaga Escamas,스케일샷,スケイルショット,Rafale Écailles
Meteor Beam,Laser Météore,Raggiometeora,Meteorstrahl,Rayo Meteórico,메테오빔,メテオビーム,Laser Météore
Shell Side Arm,Kokiyarme,Armaguscio,Muschelwaffe,Moluscañón,셸암즈,シェルアームズ,Kokiyarme
Misty Explosion,Explo-Brume,Nebbioscoppio,Nebelexplosion,Bruma Explosiva,미스트버스트,ミストバースト,Explo-Brume
Grassy Glide,Gliss’Herbe,Erboscivolata,Grasrutsche,Fitoimpulso,그래스슬라이더,グラススライダー,Gliss’Herbe
Rising Voltage,Monte-Tension,Elettroimpennata,Hochspannung,Alto Voltaje,라이징볼트,ライジングボルト,Monte-Tension
Terrain Pulse,Champlification,Campopulsar,Feldimpuls,Pulso de Campo,대지의파동,だいちのはどう,Champlification
Skitter Smack,Ravage Rampant,Strisciacolpo,Krabbelkracher,Golpe Rastrero,엄습하는일격,はいよるいちげき,Ravage Rampant
Burning Jealousy,Feu Envieux,Fiamminvidia,Neidflammen,Envidia Ardiente,질투의불꽃,しっとのほのお,Feu Envieux
Lash Out,Cent Rancunes,Sfogarabbia,Frustventil,Desahogo,분풀이,うっぷんばらし,Cent Rancunes
Poltergeist,Esprit Frappeur,Poltergeist,Poltergeist,Poltergeist,폴터가이스트,ポルターガイスト,Esprit Frappeur
Corrosive Gas,Gaz Corrosif,Gas Corrosivo,Korrosionsgas,Gas Corrosivo,부식가스,ふしょくガス,Gaz Corrosif
Coaching,Coaching,Coaching,Coaching,Motivación,코칭,コーチング,Coaching
Flip Turn,Eau Revoir,Virata,Rollwende,Viraje,퀵턴,クイックターン,Eau Revoir
Triple Axel,Triple Axel,Triplo Axel,Dreifach-Axel,Triple Axel,트리플악셀,トリプルアクセル,Triple Axel
Dual Wingbeat,Double Volée,Doppia Ala,Doppelflügel,Ala Bis,더블윙,ダブルウイング,Double Volée
Scorching Sands,Sable Ardent,Sabbiardente,Brandsand,Arenas Ardientes,열사의대지,ねっさのだいち,Sable Ardent
Jungle Healing,Selve Salvatrice,Giunglacura,Dschungelheilung,Cura Selvática,정글힐,ジャングルヒール,Selve Salvatrice
Wicked Blow,Poing Obscur,Pugnotenebra,Finstertreffer,Golpe Oscuro,암흑강타,あんこくきょうだ,Poing Obscur
Surging Strikes,Torrent de Coups,Idroraffica,Trefferschwall,Azote Torrencial,수류연타,すいりゅうれんだ,Torrent de Coups
Thunder Cage,Voltageôle,Elettrogabbia,Blitzgefängnis,Electrojaula,썬더프리즌,サンダープリズン,Voltageôle
Dragon Energy,Draco-Énergie,Dragoenergia,Drachenkräfte,Dracoenergía,드래곤에너지,ドラゴンエナジー,Draco-Énergie
Freezing Glare,Regard Glaçant,Sguardo Gelido,Eisiger Blick,Mirada Heladora,얼어붙는시선,いてつくしせん,Regard Glaçant
Fiery Wrath,Fureur Ardente,Furia Ardente,Brennender Zorn,Furia Candente,타오르는분노,もえあがるいかり,Fureur Ardente
Thunderous Kick,Coup Fulgurant,Calcio Tonante,Donnernder Tritt,Patada Relámpago,천둥차기,らいめいげり,Coup Fulgurant
Glacial Lance,Lance de Glace,Lancia Glaciale,Blizzardlanze,Lanza Glacial,블리자드랜스,ブリザードランス,Lance de Glace
Astral Barrage,Éclat Spectral,Schegge Astrali,Astralfragmente,Orbes Espectro,아스트랄비트,アストラルビット,Éclat Spectral
Eerie Spell,Sort Sinistre,Inquietantesimo,Schauderspruch,Conjuro Funesto,섬뜩한주문,ぶきみなじゅもん,Sort Sinistre
